invoice_no,customer_id,gender,age,category,quantity,price,payment_method,invoice_date,shopping_mall,Revenue,Age_Group
I100008,C199951,Male,65,Clothing,5,1500.4,Cash,2022-07-10 00:00:00,Emaar Square Mall,7502,56+
I100014,C138893,Male,55,Cosmetics,5,203.3,Cash,2021-06-18 00:00:00,Viaport Outlet,1016.5,46-55
I100015,C132779,Female,35,Clothing,2,600.16,Debit Card,2021-03-04 00:00:00,Mall of Istanbul,1200.32,26-35
I100024,C244411,Female,67,Books,3,45.45,Credit Card,2023-01-05 00:00:00,Emaar Square Mall,136.35,56+
I100027,C150002,Female,19,Technology,4,4200,Cash,2022-05-18 00:00:00,Mall of Istanbul,16800,18-25
I100028,C325553,Female,18,Clothing,1,300.08,Credit Card,2021-06-19 00:00:00,Metrocity,300.08,<18
I100031,C378408,Male,18,Food & Beverage,3,15.69,Credit Card,2022-06-23 00:00:00,Emaar Square Mall,47.07,<18
I100033,C278721,Male,56,Food & Beverage,4,20.92,Credit Card,2021-10-19 00:00:00,Zorlu Center,83.68,56+
I100037,C122873,Female,63,Clothing,1,300.08,Debit Card,2021-06-06 00:00:00,Kanyon,300.08,56+
I100041,C326923,Female,50,Cosmetics,3,121.98,Cash,2022-07-24 00:00:00,Mall of Istanbul,365.94,46-55
I100049,C297871,Male,39,Shoes,1,600.17,Debit Card,2021-12-26 00:00:00,Mall of Istanbul,600.17,36-45
I100053,C217294,Female,21,Cosmetics,3,121.98,Credit Card,2023-01-02 00:00:00,Metrocity,365.94,18-25
I100057,C225062,Female,25,Clothing,2,600.16,Credit Card,2021-10-13 00:00:00,Forum Istanbul,1200.32,18-25
I100059,C292544,Female,52,Souvenir,3,35.19,Debit Card,2021-06-14 00:00:00,Metrocity,105.57,46-55
I100068,C647308,Female,52,Toys,2,71.68,Credit Card,2021-08-13 00:00:00,Metropol AVM,143.36,46-55
I100071,C522050,Female,30,Clothing,3,900.24,Cash,2021-10-16 00:00:00,Mall of Istanbul,2700.72,26-35
I100072,C143773,Male,64,Technology,5,5250,Debit Card,2021-08-10 00:00:00,Metropol AVM,26250,56+
I100077,C356550,Male,46,Food & Beverage,1,5.23,Credit Card,2021-02-03 00:00:00,Emaar Square Mall,5.23,46-55
I100078,C272831,Male,46,Books,5,75.75,Credit Card,2021-07-10 00:00:00,Mall of Istanbul,378.75,46-55
I100080,C696236,Male,55,Toys,4,143.36,Credit Card,2022-04-26 00:00:00,Metropol AVM,573.44,46-55
I100082,C357288,Female,44,Souvenir,2,23.46,Cash,2021-12-31 00:00:00,Cevahir AVM,46.92,36-45
I100084,C226369,Female,68,Shoes,2,1200.34,Credit Card,2022-10-09 00:00:00,Kanyon,2400.68,56+
I100089,C123196,Female,63,Clothing,5,1500.4,Cash,2022-03-27 00:00:00,Emaar Square Mall,7502,56+
I100090,C801451,Female,27,Shoes,4,2400.68,Credit Card,2021-04-17 00:00:00,Metrocity,9602.72,26-35
I100094,C246470,Female,68,Toys,2,71.68,Cash,2021-12-18 00:00:00,Metropol AVM,143.36,56+
I100095,C608046,Male,60,Clothing,2,600.16,Cash,2021-11-23 00:00:00,Istinye Park,1200.32,56+
I100097,C673123,Female,63,Food & Beverage,4,20.92,Credit Card,2022-08-24 00:00:00,Mall of Istanbul,83.68,56+
I100098,C228071,Male,49,Clothing,5,1500.4,Cash,2021-11-16 00:00:00,Cevahir AVM,7502,46-55
I100105,C246820,Male,39,Food & Beverage,4,20.92,Debit Card,2022-04-15 00:00:00,Kanyon,83.68,36-45
I100106,C850385,Male,36,Food & Beverage,2,10.46,Credit Card,2021-09-12 00:00:00,Metropol AVM,20.92,36-45
I100108,C331773,Female,45,Books,4,60.6,Credit Card,2021-08-06 00:00:00,Cevahir AVM,242.4,36-45
I100111,C314731,Female,46,Clothing,3,900.24,Debit Card,2022-09-13 00:00:00,Metrocity,2700.72,46-55
I100113,C136435,Male,48,Clothing,1,300.08,Credit Card,2021-01-31 00:00:00,Zorlu Center,300.08,46-55
I100116,C235320,Female,60,Cosmetics,3,121.98,Cash,2022-11-18 00:00:00,Metropol AVM,365.94,56+
I100126,C103405,Male,31,Clothing,3,900.24,Credit Card,2022-03-26 00:00:00,Emaar Square Mall,2700.72,26-35
I100127,C708853,Male,38,Clothing,2,600.16,Debit Card,2021-11-16 00:00:00,Cevahir AVM,1200.32,36-45
I100128,C168282,Female,23,Clothing,3,900.24,Credit Card,2022-07-16 00:00:00,Istinye Park,2700.72,18-25
I100137,C233463,Male,35,Shoes,5,3000.85,Cash,2021-05-16 00:00:00,Mall of Istanbul,15004.25,26-35
I100138,C237364,Male,52,Clothing,2,600.16,Cash,2021-06-19 00:00:00,Mall of Istanbul,1200.32,46-55
I100142,C161659,Male,37,Clothing,4,1200.32,Debit Card,2021-08-28 00:00:00,Metropol AVM,4801.28,36-45
I100145,C153189,Female,20,Clothing,5,1500.4,Debit Card,2022-12-10 00:00:00,Kanyon,7502,18-25
I100146,C320745,Female,24,Shoes,4,2400.68,Credit Card,2022-04-25 00:00:00,Emaar Square Mall,9602.72,18-25
I100148,C200488,Male,52,Shoes,4,2400.68,Cash,2022-04-16 00:00:00,Zorlu Center,9602.72,46-55
I100149,C193896,Female,65,Food & Beverage,5,26.15,Cash,2021-11-17 00:00:00,Mall of Istanbul,130.75,56+
I100151,C315218,Male,69,Clothing,2,600.16,Cash,2021-07-23 00:00:00,Kanyon,1200.32,56+
I100152,C265676,Female,43,Shoes,5,3000.85,Credit Card,2021-02-25 00:00:00,Mall of Istanbul,15004.25,36-45
I100155,C312476,Female,30,Food & Beverage,4,20.92,Credit Card,2021-06-29 00:00:00,Metropol AVM,83.68,26-35
I100156,C462935,Female,69,Books,3,45.45,Credit Card,2021-01-25 00:00:00,Metropol AVM,136.35,56+
I100161,C262871,Female,30,Clothing,1,300.08,Cash,2021-04-11 00:00:00,Kanyon,300.08,26-35
I100168,C135319,Male,43,Shoes,4,2400.68,Cash,2021-11-15 00:00:00,Zorlu Center,9602.72,36-45
I100173,C190374,Female,69,Food & Beverage,1,5.23,Cash,2021-05-18 00:00:00,Metropol AVM,5.23,56+
I100174,C286570,Female,36,Clothing,1,300.08,Cash,2021-12-07 00:00:00,Mall of Istanbul,300.08,36-45
I100181,C123341,Female,33,Clothing,5,1500.4,Cash,2022-04-18 00:00:00,Metrocity,7502,26-35
I100184,C131276,Female,32,Cosmetics,2,81.32,Cash,2022-09-18 00:00:00,Kanyon,162.64,26-35
I100186,C222236,Male,62,Clothing,1,300.08,Debit Card,2023-01-30 00:00:00,Zorlu Center,300.08,56+
I100187,C178869,Female,41,Food & Beverage,1,5.23,Credit Card,2021-07-28 00:00:00,Metrocity,5.23,36-45
I100192,C161234,Male,57,Clothing,1,300.08,Debit Card,2021-11-17 00:00:00,Mall of Istanbul,300.08,56+
I100193,C149918,Male,34,Clothing,1,300.08,Debit Card,2022-02-26 00:00:00,Istinye Park,300.08,26-35
I100195,C322199,Female,34,Food & Beverage,5,26.15,Debit Card,2022-12-20 00:00:00,Mall of Istanbul,130.75,26-35
I100198,C136883,Female,58,Cosmetics,5,203.3,Credit Card,2021-07-18 00:00:00,Cevahir AVM,1016.5,56+
I100199,C275614,Female,31,Books,5,75.75,Cash,2022-02-25 00:00:00,Istinye Park,378.75,26-35
I100200,C948033,Male,24,Toys,4,143.36,Cash,2021-07-28 00:00:00,Metrocity,573.44,18-25
I100201,C982027,Male,57,Souvenir,5,58.65,Cash,2021-03-20 00:00:00,Istinye Park,293.25,56+
I100202,C182496,Male,45,Food & Beverage,4,20.92,Credit Card,2022-11-20 00:00:00,Kanyon,83.68,36-45
I100205,C220151,Male,32,Clothing,5,1500.4,Credit Card,2021-06-26 00:00:00,Istinye Park,7502,26-35
I100207,C452901,Male,22,Clothing,4,1200.32,Credit Card,2021-04-19 00:00:00,Metrocity,4801.28,18-25
I100211,C239527,Female,59,Clothing,2,600.16,Debit Card,2021-02-10 00:00:00,Metrocity,1200.32,56+
I100212,C282695,Female,60,Souvenir,3,35.19,Credit Card,2021-08-31 00:00:00,Kanyon,105.57,56+
I100214,C989972,Female,42,Clothing,3,900.24,Cash,2022-03-06 00:00:00,Istinye Park,2700.72,36-45
I100215,C198589,Male,27,Shoes,3,1800.51,Debit Card,2021-04-12 00:00:00,Mall of Istanbul,5401.53,26-35
I100216,C145243,Male,27,Cosmetics,1,40.66,Cash,2022-03-09 00:00:00,Mall of Istanbul,40.66,26-35
I100218,C205490,Male,37,Food & Beverage,1,5.23,Cash,2022-10-15 00:00:00,Kanyon,5.23,36-45
I100220,C122251,Male,25,Clothing,5,1500.4,Cash,2021-05-26 00:00:00,Mall of Istanbul,7502,18-25
I100223,C212702,Female,45,Shoes,5,3000.85,Credit Card,2022-11-21 00:00:00,Metrocity,15004.25,36-45
I100225,C128382,Male,44,Cosmetics,3,121.98,Credit Card,2022-10-12 00:00:00,Istinye Park,365.94,36-45
I100227,C364271,Female,67,Toys,3,107.52,Cash,2022-05-13 00:00:00,Metrocity,322.56,56+
I100228,C248381,Male,42,Clothing,2,600.16,Cash,2023-02-21 00:00:00,Mall of Istanbul,1200.32,36-45
I100229,C397160,Male,27,Cosmetics,4,162.64,Debit Card,2023-02-28 00:00:00,Mall of Istanbul,650.56,26-35
I100231,C274640,Female,67,Technology,1,1050,Debit Card,2021-07-19 00:00:00,Metropol AVM,1050,56+
I100240,C240922,Female,22,Cosmetics,3,121.98,Credit Card,2022-10-20 00:00:00,Cevahir AVM,365.94,18-25
I100243,C332855,Female,42,Clothing,1,300.08,Cash,2023-01-12 00:00:00,Kanyon,300.08,36-45
I100249,C209647,Male,40,Clothing,5,1500.4,Credit Card,2022-12-19 00:00:00,Kanyon,7502,36-45
I100251,C228482,Female,36,Souvenir,4,46.92,Cash,2022-05-29 00:00:00,Metropol AVM,187.68,36-45
I100261,C315632,Female,41,Cosmetics,2,81.32,Credit Card,2023-03-03 00:00:00,Mall of Istanbul,162.64,36-45
I100267,C299948,Female,57,Cosmetics,4,162.64,Debit Card,2022-12-11 00:00:00,Kanyon,650.56,56+
I100271,C892772,Male,37,Toys,4,143.36,Debit Card,2021-02-13 00:00:00,Metrocity,573.44,36-45
I100273,C291963,Female,67,Toys,5,179.2,Cash,2021-05-10 00:00:00,Cevahir AVM,896,56+
I100281,C711548,Male,39,Toys,1,35.84,Debit Card,2021-06-28 00:00:00,Kanyon,35.84,36-45
I100282,C836957,Male,45,Clothing,3,900.24,Cash,2022-07-30 00:00:00,Viaport Outlet,2700.72,36-45
I100284,C174674,Female,66,Clothing,2,600.16,Credit Card,2022-08-13 00:00:00,Kanyon,1200.32,56+
I100288,C435081,Female,33,Food & Beverage,3,15.69,Credit Card,2022-02-13 00:00:00,Kanyon,47.07,26-35
I100290,C118172,Male,45,Cosmetics,3,121.98,Credit Card,2021-12-24 00:00:00,Mall of Istanbul,365.94,36-45
I100291,C832260,Male,18,Clothing,5,1500.4,Debit Card,2021-08-03 00:00:00,Istinye Park,7502,<18
I100292,C721616,Female,21,Clothing,2,600.16,Cash,2022-08-16 00:00:00,Mall of Istanbul,1200.32,18-25
I100293,C991830,Female,28,Food & Beverage,3,15.69,Cash,2022-11-28 00:00:00,Kanyon,47.07,26-35
I100294,C277127,Male,52,Food & Beverage,3,15.69,Cash,2022-12-12 00:00:00,Istinye Park,47.07,46-55
I100299,C179079,Male,19,Clothing,5,1500.4,Cash,2022-09-30 00:00:00,Mall of Istanbul,7502,18-25
I100301,C553904,Female,20,Clothing,4,1200.32,Credit Card,2021-08-20 00:00:00,Mall of Istanbul,4801.28,18-25
I100307,C887007,Female,58,Clothing,3,900.24,Credit Card,2022-01-24 00:00:00,Kanyon,2700.72,56+
I100308,C104593,Male,18,Food & Beverage,1,5.23,Cash,2022-07-11 00:00:00,Mall of Istanbul,5.23,<18
I100310,C183161,Female,46,Cosmetics,4,162.64,Cash,2022-04-22 00:00:00,Mall of Istanbul,650.56,46-55
I100311,C115462,Female,55,Clothing,4,1200.32,Cash,2022-04-20 00:00:00,Zorlu Center,4801.28,46-55
I100312,C280934,Male,34,Food & Beverage,2,10.46,Credit Card,2022-10-29 00:00:00,Emaar Square Mall,20.92,26-35
I100313,C144410,Female,64,Cosmetics,4,162.64,Cash,2022-11-17 00:00:00,Metrocity,650.56,56+
I100315,C242277,Female,30,Cosmetics,3,121.98,Debit Card,2021-08-04 00:00:00,Emaar Square Mall,365.94,26-35
I100316,C248553,Male,40,Shoes,2,1200.34,Cash,2022-12-13 00:00:00,Cevahir AVM,2400.68,36-45
I100320,C152872,Female,21,Clothing,2,600.16,Cash,2022-10-10 00:00:00,Emaar Square Mall,1200.32,18-25
I100321,C113910,Female,59,Toys,2,71.68,Credit Card,2022-05-23 00:00:00,Forum Istanbul,143.36,56+
I100323,C107529,Male,66,Cosmetics,3,121.98,Debit Card,2022-05-19 00:00:00,Kanyon,365.94,56+
I100324,C288166,Female,61,Clothing,5,1500.4,Debit Card,2022-12-30 00:00:00,Metropol AVM,7502,56+
I100328,C152052,Female,69,Food & Beverage,3,15.69,Credit Card,2022-04-22 00:00:00,Kanyon,47.07,56+
I100330,C453598,Male,26,Cosmetics,5,203.3,Credit Card,2022-07-15 00:00:00,Metrocity,1016.5,26-35
I100336,C202040,Female,39,Food & Beverage,1,5.23,Cash,2022-08-01 00:00:00,Metropol AVM,5.23,36-45
I100338,C779694,Male,62,Food & Beverage,2,10.46,Cash,2022-06-29 00:00:00,Viaport Outlet,20.92,56+
I100354,C135028,Male,22,Technology,1,1050,Credit Card,2021-08-24 00:00:00,Metropol AVM,1050,18-25
I100355,C189409,Female,57,Clothing,5,1500.4,Cash,2022-10-25 00:00:00,Kanyon,7502,56+
I100357,C494452,Female,23,Cosmetics,3,121.98,Debit Card,2021-05-02 00:00:00,Forum Istanbul,365.94,18-25
I100358,C339237,Female,21,Cosmetics,5,203.3,Cash,2021-09-22 00:00:00,Metrocity,1016.5,18-25
I100361,C224357,Female,26,Food & Beverage,5,26.15,Cash,2021-06-29 00:00:00,Viaport Outlet,130.75,26-35
I100364,C231500,Female,54,Clothing,2,600.16,Debit Card,2021-04-15 00:00:00,Zorlu Center,1200.32,46-55
I100365,C624809,Female,47,Clothing,5,1500.4,Credit Card,2021-05-19 00:00:00,Emaar Square Mall,7502,46-55
I100366,C296054,Female,69,Clothing,1,300.08,Debit Card,2021-07-05 00:00:00,Cevahir AVM,300.08,56+
I100367,C268495,Male,61,Food & Beverage,5,26.15,Cash,2021-11-22 00:00:00,Kanyon,130.75,56+
I100368,C168429,Female,63,Food & Beverage,1,5.23,Credit Card,2022-01-17 00:00:00,Kanyon,5.23,56+
I100377,C272529,Female,62,Toys,3,107.52,Debit Card,2021-12-23 00:00:00,Metrocity,322.56,56+
I100381,C243648,Female,36,Clothing,2,600.16,Cash,2022-12-02 00:00:00,Forum Istanbul,1200.32,36-45
I100387,C234074,Female,21,Food & Beverage,2,10.46,Cash,2021-05-16 00:00:00,Mall of Istanbul,20.92,18-25
I100397,C262466,Female,34,Cosmetics,1,40.66,Debit Card,2021-09-24 00:00:00,Forum Istanbul,40.66,26-35
I100399,C250107,Female,46,Food & Beverage,5,26.15,Cash,2022-02-01 00:00:00,Mall of Istanbul,130.75,46-55
I100400,C271625,Female,62,Shoes,4,2400.68,Credit Card,2021-01-16 00:00:00,Metrocity,9602.72,56+
I100401,C291610,Female,34,Shoes,3,1800.51,Credit Card,2023-03-06 00:00:00,Cevahir AVM,5401.53,26-35
I100404,C116794,Female,64,Cosmetics,1,40.66,Credit Card,2021-11-03 00:00:00,Mall of Istanbul,40.66,56+
I100406,C146640,Male,62,Cosmetics,3,121.98,Credit Card,2021-06-16 00:00:00,Kanyon,365.94,56+
I100408,C128638,Female,37,Toys,3,107.52,Cash,2021-08-09 00:00:00,Kanyon,322.56,36-45
I100412,C313809,Female,35,Food & Beverage,2,10.46,Credit Card,2022-09-18 00:00:00,Metrocity,20.92,26-35
I100414,C233655,Male,56,Souvenir,2,23.46,Debit Card,2023-01-10 00:00:00,Mall of Istanbul,46.92,56+
I100417,C310007,Female,46,Clothing,3,900.24,Cash,2022-07-17 00:00:00,Mall of Istanbul,2700.72,46-55
I100419,C937473,Male,53,Souvenir,2,23.46,Credit Card,2022-04-21 00:00:00,Mall of Istanbul,46.92,46-55
I100420,C261035,Female,69,Cosmetics,3,121.98,Credit Card,2021-07-06 00:00:00,Viaport Outlet,365.94,56+
I100423,C664680,Female,33,Food & Beverage,4,20.92,Debit Card,2021-04-22 00:00:00,Metrocity,83.68,26-35
I100425,C386315,Female,52,Cosmetics,1,40.66,Cash,2021-08-29 00:00:00,Metropol AVM,40.66,46-55
I100426,C133701,Female,47,Cosmetics,3,121.98,Cash,2022-12-24 00:00:00,Istinye Park,365.94,46-55
I100434,C295965,Male,61,Cosmetics,4,162.64,Cash,2021-07-14 00:00:00,Mall of Istanbul,650.56,56+
I100439,C224698,Male,26,Shoes,5,3000.85,Credit Card,2023-03-02 00:00:00,Metropol AVM,15004.25,26-35
I100441,C202089,Female,43,Cosmetics,3,121.98,Cash,2022-09-09 00:00:00,Istinye Park,365.94,36-45
I100443,C826051,Female,30,Souvenir,4,46.92,Debit Card,2021-04-16 00:00:00,Istinye Park,187.68,26-35
I100445,C307576,Female,18,Clothing,1,300.08,Debit Card,2021-11-02 00:00:00,Istinye Park,300.08,<18
I100454,C851133,Female,40,Toys,3,107.52,Debit Card,2023-02-24 00:00:00,Istinye Park,322.56,36-45
I100455,C191387,Female,56,Souvenir,5,58.65,Cash,2022-09-04 00:00:00,Metropol AVM,293.25,56+
I100458,C150447,Female,19,Toys,2,71.68,Credit Card,2022-04-12 00:00:00,Metrocity,143.36,18-25
I100459,C194835,Female,37,Clothing,3,900.24,Debit Card,2021-09-18 00:00:00,Metrocity,2700.72,36-45
I100462,C363980,Female,46,Souvenir,5,58.65,Cash,2021-01-04 00:00:00,Metropol AVM,293.25,46-55
I100464,C129826,Male,44,Clothing,2,600.16,Debit Card,2021-05-01 00:00:00,Mall of Istanbul,1200.32,36-45
I100465,C211946,Female,57,Clothing,1,300.08,Cash,2022-01-14 00:00:00,Mall of Istanbul,300.08,56+
I100466,C235798,Male,30,Clothing,4,1200.32,Debit Card,2021-09-30 00:00:00,Forum Istanbul,4801.28,26-35
I100470,C219411,Female,32,Shoes,1,600.17,Credit Card,2021-11-08 00:00:00,Istinye Park,600.17,26-35
I100472,C176862,Male,43,Cosmetics,1,40.66,Cash,2021-09-01 00:00:00,Mall of Istanbul,40.66,36-45
I100473,C607315,Female,51,Books,5,75.75,Debit Card,2021-01-01 00:00:00,Mall of Istanbul,378.75,46-55
I100484,C135857,Male,50,Clothing,1,300.08,Debit Card,2021-01-26 00:00:00,Mall of Istanbul,300.08,46-55
I100487,C213360,Female,22,Cosmetics,4,162.64,Cash,2021-02-19 00:00:00,Kanyon,650.56,18-25
I100491,C212593,Male,57,Shoes,4,2400.68,Credit Card,2021-03-29 00:00:00,Kanyon,9602.72,56+
I100494,C227575,Male,56,Toys,3,107.52,Debit Card,2021-12-19 00:00:00,Metrocity,322.56,56+
I100496,C174558,Female,51,Clothing,2,600.16,Cash,2021-11-26 00:00:00,Metrocity,1200.32,46-55
I100498,C498727,Female,63,Technology,5,5250,Cash,2023-02-03 00:00:00,Cevahir AVM,26250,56+
I100499,C114407,Male,45,Clothing,5,1500.4,Cash,2021-05-09 00:00:00,Cevahir AVM,7502,36-45
I100501,C338282,Female,18,Technology,1,1050,Debit Card,2021-08-31 00:00:00,Metrocity,1050,<18
I100502,C238358,Male,28,Toys,1,35.84,Credit Card,2021-10-10 00:00:00,Mall of Istanbul,35.84,26-35
I100504,C703075,Female,59,Shoes,2,1200.34,Cash,2021-03-31 00:00:00,Mall of Istanbul,2400.68,56+
I100508,C249896,Female,20,Clothing,3,900.24,Debit Card,2021-03-24 00:00:00,Viaport Outlet,2700.72,18-25
I100512,C208841,Male,36,Food & Beverage,3,15.69,Debit Card,2022-04-13 00:00:00,Kanyon,47.07,36-45
I100519,C233898,Male,49,Clothing,4,1200.32,Credit Card,2021-01-25 00:00:00,Kanyon,4801.28,46-55
I100522,C100218,Male,26,Clothing,5,1500.4,Cash,2021-11-06 00:00:00,Kanyon,7502,26-35
I100526,C356129,Male,35,Cosmetics,3,121.98,Debit Card,2022-08-17 00:00:00,Mall of Istanbul,365.94,26-35
I100527,C274542,Male,54,Clothing,1,300.08,Cash,2022-06-26 00:00:00,Metrocity,300.08,46-55
I100537,C392460,Female,62,Souvenir,3,35.19,Debit Card,2022-04-05 00:00:00,Kanyon,105.57,56+
I100538,C312561,Female,65,Clothing,3,900.24,Cash,2022-01-19 00:00:00,Istinye Park,2700.72,56+
I100540,C641482,Female,35,Clothing,2,600.16,Credit Card,2022-06-14 00:00:00,Metrocity,1200.32,26-35
I100541,C155234,Female,65,Souvenir,2,23.46,Cash,2021-05-10 00:00:00,Istinye Park,46.92,56+
I100542,C273404,Male,23,Souvenir,3,35.19,Credit Card,2021-06-05 00:00:00,Istinye Park,105.57,18-25
I100543,C193964,Female,52,Food & Beverage,2,10.46,Cash,2022-03-05 00:00:00,Mall of Istanbul,20.92,46-55
I100547,C173500,Male,49,Food & Beverage,1,5.23,Credit Card,2021-08-07 00:00:00,Mall of Istanbul,5.23,46-55
I100550,C123577,Female,38,Souvenir,5,58.65,Cash,2022-11-22 00:00:00,Cevahir AVM,293.25,36-45
I100552,C213606,Female,30,Food & Beverage,3,15.69,Credit Card,2021-11-09 00:00:00,Metropol AVM,47.07,26-35
I100555,C701082,Female,44,Clothing,3,900.24,Cash,2022-09-10 00:00:00,Kanyon,2700.72,36-45
I100558,C209906,Male,27,Cosmetics,3,121.98,Credit Card,2021-05-25 00:00:00,Istinye Park,365.94,26-35
I100561,C255643,Female,26,Clothing,4,1200.32,Debit Card,2021-08-29 00:00:00,Cevahir AVM,4801.28,26-35
I100565,C833577,Male,42,Clothing,5,1500.4,Cash,2022-09-17 00:00:00,Metropol AVM,7502,36-45
I100566,C266257,Male,21,Clothing,2,600.16,Cash,2022-10-10 00:00:00,Metrocity,1200.32,18-25
I100567,C272165,Male,18,Toys,5,179.2,Credit Card,2021-01-03 00:00:00,Mall of Istanbul,896,<18
I100571,C668914,Male,66,Clothing,1,300.08,Debit Card,2023-01-07 00:00:00,Zorlu Center,300.08,56+
I100572,C245347,Female,67,Clothing,1,300.08,Cash,2021-07-30 00:00:00,Istinye Park,300.08,56+
I100578,C108143,Female,67,Shoes,4,2400.68,Cash,2023-02-28 00:00:00,Zorlu Center,9602.72,56+
I100579,C260481,Female,36,Food & Beverage,3,15.69,Credit Card,2022-09-24 00:00:00,Kanyon,47.07,36-45
I100580,C131158,Female,68,Toys,3,107.52,Cash,2022-09-14 00:00:00,Cevahir AVM,322.56,56+
I100582,C638859,Female,66,Clothing,2,600.16,Cash,2021-11-02 00:00:00,Istinye Park,1200.32,56+
I100586,C580838,Female,62,Clothing,2,600.16,Credit Card,2022-03-18 00:00:00,Istinye Park,1200.32,56+
I100591,C881158,Male,23,Toys,1,35.84,Credit Card,2022-02-20 00:00:00,Metrocity,35.84,18-25
I100593,C240318,Male,23,Technology,2,2100,Cash,2021-06-11 00:00:00,Mall of Istanbul,4200,18-25
I100599,C114161,Male,27,Shoes,2,1200.34,Credit Card,2021-11-24 00:00:00,Mall of Istanbul,2400.68,26-35
I100601,C180415,Male,49,Toys,4,143.36,Cash,2022-06-09 00:00:00,Mall of Istanbul,573.44,46-55
I100607,C315778,Male,60,Clothing,5,1500.4,Debit Card,2021-11-27 00:00:00,Kanyon,7502,56+
I100610,C122598,Male,64,Books,5,75.75,Debit Card,2022-04-06 00:00:00,Mall of Istanbul,378.75,56+
I100611,C234086,Male,55,Toys,3,107.52,Cash,2022-03-21 00:00:00,Metropol AVM,322.56,46-55
I100614,C261517,Female,41,Cosmetics,5,203.3,Cash,2021-07-11 00:00:00,Cevahir AVM,1016.5,36-45
I100615,C197426,Female,57,Clothing,5,1500.4,Cash,2022-05-12 00:00:00,Mall of Istanbul,7502,56+
I100617,C745941,Male,56,Books,5,75.75,Cash,2022-07-06 00:00:00,Zorlu Center,378.75,56+
I100618,C911820,Male,23,Books,2,30.3,Credit Card,2021-03-04 00:00:00,Metrocity,60.6,18-25
I100622,C306817,Female,45,Clothing,3,900.24,Credit Card,2023-01-18 00:00:00,Kanyon,2700.72,36-45
I100624,C552809,Female,26,Clothing,5,1500.4,Debit Card,2021-03-05 00:00:00,Metrocity,7502,26-35
I100627,C132581,Male,54,Books,3,45.45,Debit Card,2022-12-10 00:00:00,Metrocity,136.35,46-55
I100628,C135129,Male,25,Clothing,1,300.08,Cash,2022-04-09 00:00:00,Viaport Outlet,300.08,18-25
I100630,C753708,Female,66,Food & Beverage,4,20.92,Debit Card,2022-04-02 00:00:00,Kanyon,83.68,56+
I100634,C461631,Female,22,Clothing,5,1500.4,Cash,2022-05-23 00:00:00,Kanyon,7502,18-25
I100635,C289537,Female,69,Clothing,4,1200.32,Debit Card,2021-06-03 00:00:00,Metropol AVM,4801.28,56+
I100639,C231484,Male,65,Technology,4,4200,Credit Card,2022-05-02 00:00:00,Metrocity,16800,56+
I100651,C180588,Female,41,Cosmetics,2,81.32,Credit Card,2021-09-15 00:00:00,Metropol AVM,162.64,36-45
I100652,C214732,Female,67,Clothing,2,600.16,Credit Card,2023-01-17 00:00:00,Cevahir AVM,1200.32,56+
I100656,C337441,Female,54,Cosmetics,2,81.32,Cash,2023-02-18 00:00:00,Metropol AVM,162.64,46-55
I100659,C562791,Male,27,Souvenir,3,35.19,Cash,2021-07-14 00:00:00,Emaar Square Mall,105.57,26-35
I100663,C322131,Female,41,Food & Beverage,5,26.15,Cash,2021-09-26 00:00:00,Mall of Istanbul,130.75,36-45
I100664,C603641,Male,62,Clothing,2,600.16,Debit Card,2021-10-19 00:00:00,Mall of Istanbul,1200.32,56+
I100666,C996052,Female,62,Books,2,30.3,Cash,2022-04-02 00:00:00,Metrocity,60.6,56+
I100671,C284324,Male,28,Clothing,1,300.08,Cash,2021-05-03 00:00:00,Metrocity,300.08,26-35
I100682,C134970,Male,58,Toys,4,143.36,Cash,2021-03-22 00:00:00,Istinye Park,573.44,56+
I100684,C175424,Male,30,Cosmetics,5,203.3,Credit Card,2021-08-11 00:00:00,Emaar Square Mall,1016.5,26-35
I100685,C263059,Male,60,Souvenir,2,23.46,Debit Card,2021-05-24 00:00:00,Forum Istanbul,46.92,56+
I100691,C116434,Female,35,Clothing,2,600.16,Cash,2022-04-26 00:00:00,Viaport Outlet,1200.32,26-35
I100694,C318405,Female,62,Food & Beverage,4,20.92,Cash,2022-11-27 00:00:00,Kanyon,83.68,56+
I100696,C131827,Male,44,Clothing,2,600.16,Cash,2021-07-12 00:00:00,Metrocity,1200.32,36-45
I100697,C159194,Female,31,Clothing,4,1200.32,Cash,2021-12-19 00:00:00,Kanyon,4801.28,26-35
I100699,C844692,Male,44,Books,1,15.15,Credit Card,2021-03-07 00:00:00,Mall of Istanbul,15.15,36-45
I100700,C831975,Female,60,Clothing,4,1200.32,Credit Card,2021-10-24 00:00:00,Viaport Outlet,4801.28,56+
I100703,C263996,Male,36,Clothing,2,600.16,Cash,2022-08-08 00:00:00,Metrocity,1200.32,36-45
I100704,C864065,Male,24,Technology,2,2100,Debit Card,2021-04-30 00:00:00,Mall of Istanbul,4200,18-25
I100709,C156430,Female,40,Clothing,3,900.24,Debit Card,2021-08-18 00:00:00,Mall of Istanbul,2700.72,36-45
I100719,C193403,Male,69,Toys,2,71.68,Cash,2022-07-17 00:00:00,Zorlu Center,143.36,56+
I100721,C993556,Female,51,Clothing,2,600.16,Debit Card,2022-05-02 00:00:00,Kanyon,1200.32,46-55
I100723,C150582,Female,38,Toys,1,35.84,Debit Card,2021-02-08 00:00:00,Mall of Istanbul,35.84,36-45
I100731,C868764,Female,28,Books,1,15.15,Debit Card,2022-12-29 00:00:00,Emaar Square Mall,15.15,26-35
I100733,C932952,Female,42,Books,1,15.15,Cash,2022-02-28 00:00:00,Kanyon,15.15,36-45
I100735,C107829,Female,44,Souvenir,4,46.92,Debit Card,2022-02-02 00:00:00,Metropol AVM,187.68,36-45
I100738,C155129,Male,20,Clothing,2,600.16,Debit Card,2022-03-31 00:00:00,Kanyon,1200.32,18-25
I100741,C828874,Male,41,Cosmetics,5,203.3,Debit Card,2021-01-05 00:00:00,Cevahir AVM,1016.5,36-45
I100742,C422142,Female,58,Food & Beverage,3,15.69,Credit Card,2022-04-05 00:00:00,Metropol AVM,47.07,56+
I100744,C146601,Female,50,Clothing,4,1200.32,Cash,2022-03-31 00:00:00,Kanyon,4801.28,46-55
I100749,C272878,Female,52,Toys,2,71.68,Cash,2021-03-04 00:00:00,Metrocity,143.36,46-55
I100756,C771102,Male,31,Clothing,1,300.08,Cash,2023-02-17 00:00:00,Mall of Istanbul,300.08,26-35
I100760,C800785,Female,18,Books,4,60.6,Credit Card,2021-01-19 00:00:00,Mall of Istanbul,242.4,<18
I100762,C183883,Female,49,Clothing,1,300.08,Debit Card,2023-01-11 00:00:00,Zorlu Center,300.08,46-55
I100763,C264447,Female,35,Cosmetics,4,162.64,Cash,2022-07-10 00:00:00,Cevahir AVM,650.56,26-35
I100764,C564073,Male,54,Cosmetics,3,121.98,Credit Card,2023-02-07 00:00:00,Istinye Park,365.94,46-55
I100768,C223065,Female,49,Cosmetics,3,121.98,Cash,2022-05-28 00:00:00,Kanyon,365.94,46-55
I100770,C140792,Female,61,Toys,5,179.2,Credit Card,2021-04-10 00:00:00,Metropol AVM,896,56+
I100771,C235228,Female,23,Food & Beverage,3,15.69,Credit Card,2022-03-07 00:00:00,Istinye Park,47.07,18-25
I100775,C981100,Male,23,Cosmetics,5,203.3,Cash,2021-04-02 00:00:00,Metropol AVM,1016.5,18-25
I100777,C303252,Female,38,Toys,3,107.52,Credit Card,2021-10-29 00:00:00,Kanyon,322.56,36-45
I100780,C191396,Female,62,Books,3,45.45,Credit Card,2021-04-06 00:00:00,Mall of Istanbul,136.35,56+
I100782,C582964,Male,55,Food & Beverage,3,15.69,Debit Card,2022-03-11 00:00:00,Zorlu Center,47.07,46-55
I100791,C289735,Female,39,Cosmetics,4,162.64,Cash,2021-10-11 00:00:00,Metropol AVM,650.56,36-45
I100793,C328805,Male,29,Cosmetics,3,121.98,Cash,2021-03-15 00:00:00,Istinye Park,365.94,26-35
I100795,C232822,Male,62,Books,2,30.3,Debit Card,2022-07-06 00:00:00,Kanyon,60.6,56+
I100797,C224221,Male,23,Shoes,4,2400.68,Credit Card,2021-10-17 00:00:00,Metropol AVM,9602.72,18-25
I100803,C273636,Female,38,Books,5,75.75,Cash,2023-02-24 00:00:00,Mall of Istanbul,378.75,36-45
I100812,C208761,Female,66,Clothing,5,1500.4,Credit Card,2022-03-24 00:00:00,Metropol AVM,7502,56+
I100813,C250804,Male,63,Clothing,2,600.16,Cash,2022-03-18 00:00:00,Emaar Square Mall,1200.32,56+
I100814,C130818,Female,38,Books,3,45.45,Credit Card,2022-08-12 00:00:00,Mall of Istanbul,136.35,36-45
I100815,C222582,Male,50,Toys,4,143.36,Cash,2022-04-19 00:00:00,Kanyon,573.44,46-55
I100818,C151068,Female,21,Food & Beverage,3,15.69,Cash,2021-01-08 00:00:00,Mall of Istanbul,47.07,18-25
I100820,C180870,Male,20,Food & Beverage,2,10.46,Cash,2021-12-26 00:00:00,Metrocity,20.92,18-25
I100822,C336505,Male,55,Cosmetics,1,40.66,Cash,2021-11-15 00:00:00,Zorlu Center,40.66,46-55
I100829,C115788,Male,32,Souvenir,5,58.65,Credit Card,2021-07-30 00:00:00,Istinye Park,293.25,26-35
I100835,C259176,Female,43,Clothing,5,1500.4,Debit Card,2022-08-27 00:00:00,Viaport Outlet,7502,36-45
I100837,C827434,Male,65,Clothing,1,300.08,Cash,2023-01-12 00:00:00,Cevahir AVM,300.08,56+
I100842,C143467,Female,45,Food & Beverage,5,26.15,Credit Card,2021-06-08 00:00:00,Forum Istanbul,130.75,36-45
I100843,C170564,Female,54,Clothing,4,1200.32,Debit Card,2022-01-17 00:00:00,Metropol AVM,4801.28,46-55
I100851,C256797,Female,32,Cosmetics,1,40.66,Credit Card,2022-09-10 00:00:00,Istinye Park,40.66,26-35
I100855,C125109,Female,63,Clothing,3,900.24,Credit Card,2021-06-25 00:00:00,Emaar Square Mall,2700.72,56+
I100856,C475330,Male,44,Food & Beverage,3,15.69,Cash,2022-06-09 00:00:00,Metropol AVM,47.07,36-45
I100861,C281937,Female,49,Cosmetics,2,81.32,Cash,2022-12-24 00:00:00,Viaport Outlet,162.64,46-55
I100863,C302400,Male,35,Food & Beverage,2,10.46,Cash,2023-01-04 00:00:00,Emaar Square Mall,20.92,26-35
I100865,C234663,Female,44,Cosmetics,3,121.98,Cash,2022-02-10 00:00:00,Istinye Park,365.94,36-45
I100866,C265260,Female,54,Food & Beverage,3,15.69,Cash,2021-08-16 00:00:00,Metrocity,47.07,46-55
I100870,C236060,Male,46,Books,2,30.3,Cash,2023-03-02 00:00:00,Metrocity,60.6,46-55
I100875,C232349,Female,20,Toys,2,71.68,Cash,2021-09-02 00:00:00,Mall of Istanbul,143.36,18-25
I100880,C217725,Female,39,Shoes,3,1800.51,Cash,2021-01-13 00:00:00,Metropol AVM,5401.53,36-45
I100881,C332806,Male,32,Souvenir,1,11.73,Debit Card,2021-05-06 00:00:00,Kanyon,11.73,26-35
I100884,C729531,Female,37,Souvenir,1,11.73,Cash,2023-02-15 00:00:00,Metrocity,11.73,36-45
I100885,C102033,Male,38,Books,5,75.75,Cash,2021-09-01 00:00:00,Mall of Istanbul,378.75,36-45
I100886,C676444,Female,41,Cosmetics,5,203.3,Cash,2021-12-19 00:00:00,Metrocity,1016.5,36-45
I100897,C402407,Male,61,Shoes,4,2400.68,Credit Card,2022-10-05 00:00:00,Kanyon,9602.72,56+
I100899,C256232,Male,30,Clothing,5,1500.4,Cash,2022-06-23 00:00:00,Kanyon,7502,26-35
I100900,C221280,Male,20,Food & Beverage,5,26.15,Cash,2021-08-22 00:00:00,Viaport Outlet,130.75,18-25
I100901,C178198,Female,41,Clothing,1,300.08,Debit Card,2022-06-17 00:00:00,Kanyon,300.08,36-45
I100903,C702152,Female,21,Clothing,3,900.24,Debit Card,2021-12-20 00:00:00,Metrocity,2700.72,18-25
I100904,C138573,Male,32,Food & Beverage,5,26.15,Debit Card,2022-12-23 00:00:00,Kanyon,130.75,26-35
I100911,C330379,Female,18,Technology,1,1050,Credit Card,2021-08-29 00:00:00,Metrocity,1050,<18
I100913,C229817,Female,41,Shoes,4,2400.68,Cash,2022-08-26 00:00:00,Viaport Outlet,9602.72,36-45
I100914,C299493,Female,22,Food & Beverage,1,5.23,Credit Card,2022-09-17 00:00:00,Kanyon,5.23,18-25
I100919,C189282,Female,31,Cosmetics,1,40.66,Credit Card,2021-05-04 00:00:00,Kanyon,40.66,26-35
I100921,C323178,Female,53,Cosmetics,4,162.64,Credit Card,2021-08-25 00:00:00,Metrocity,650.56,46-55
I100922,C185007,Female,31,Cosmetics,3,121.98,Cash,2021-12-19 00:00:00,Mall of Istanbul,365.94,26-35
I100923,C139812,Female,41,Food & Beverage,1,5.23,Credit Card,2022-04-08 00:00:00,Istinye Park,5.23,36-45
I100929,C224506,Male,59,Cosmetics,1,40.66,Credit Card,2021-02-12 00:00:00,Mall of Istanbul,40.66,56+
I100932,C204475,Male,43,Clothing,2,600.16,Cash,2022-10-28 00:00:00,Mall of Istanbul,1200.32,36-45
I100936,C331442,Female,35,Clothing,1,300.08,Debit Card,2021-06-21 00:00:00,Mall of Istanbul,300.08,26-35
I100953,C250015,Female,46,Shoes,4,2400.68,Cash,2022-02-25 00:00:00,Istinye Park,9602.72,46-55
I100960,C156642,Female,57,Books,3,45.45,Cash,2023-01-31 00:00:00,Kanyon,136.35,56+
I100961,C157517,Female,47,Clothing,2,600.16,Cash,2022-04-27 00:00:00,Forum Istanbul,1200.32,46-55
I100963,C500323,Female,35,Books,1,15.15,Debit Card,2021-06-17 00:00:00,Cevahir AVM,15.15,26-35
I100964,C253827,Male,29,Cosmetics,4,162.64,Cash,2021-07-19 00:00:00,Mall of Istanbul,650.56,26-35
I100965,C336119,Female,63,Shoes,4,2400.68,Cash,2021-06-25 00:00:00,Emaar Square Mall,9602.72,56+
I100969,C242347,Male,51,Clothing,1,300.08,Credit Card,2021-06-09 00:00:00,Istinye Park,300.08,46-55
I100977,C221903,Female,27,Toys,3,107.52,Debit Card,2022-09-05 00:00:00,Metrocity,322.56,26-35
I100978,C172330,Female,24,Cosmetics,5,203.3,Cash,2022-06-18 00:00:00,Metrocity,1016.5,18-25
I100981,C116368,Female,33,Clothing,2,600.16,Credit Card,2023-01-29 00:00:00,Metropol AVM,1200.32,26-35
I100983,C203462,Female,67,Clothing,1,300.08,Credit Card,2022-05-29 00:00:00,Zorlu Center,300.08,56+
I100988,C202289,Male,37,Clothing,2,600.16,Cash,2022-09-27 00:00:00,Istinye Park,1200.32,36-45
I100991,C326660,Male,29,Shoes,5,3000.85,Debit Card,2021-03-07 00:00:00,Metropol AVM,15004.25,26-35
I100998,C253884,Male,24,Toys,3,107.52,Debit Card,2021-09-10 00:00:00,Kanyon,322.56,18-25
I101008,C314812,Male,62,Shoes,3,1800.51,Cash,2022-04-09 00:00:00,Istinye Park,5401.53,56+
I101010,C766878,Female,56,Clothing,2,600.16,Debit Card,2022-03-07 00:00:00,Emaar Square Mall,1200.32,56+
I101017,C124932,Female,40,Shoes,5,3000.85,Cash,2022-07-24 00:00:00,Mall of Istanbul,15004.25,36-45
I101018,C266367,Female,26,Food & Beverage,1,5.23,Debit Card,2022-12-20 00:00:00,Forum Istanbul,5.23,26-35
I101022,C237146,Female,25,Toys,3,107.52,Credit Card,2021-09-21 00:00:00,Kanyon,322.56,18-25
I101031,C215753,Female,52,Cosmetics,4,162.64,Credit Card,2021-11-18 00:00:00,Metropol AVM,650.56,46-55
I101034,C722304,Male,19,Toys,5,179.2,Cash,2022-02-26 00:00:00,Metrocity,896,18-25
I101037,C216533,Female,30,Souvenir,2,23.46,Cash,2021-09-07 00:00:00,Forum Istanbul,46.92,26-35
I101038,C144914,Female,42,Technology,2,2100,Debit Card,2021-07-02 00:00:00,Cevahir AVM,4200,36-45
I101043,C289681,Female,32,Clothing,1,300.08,Credit Card,2022-12-01 00:00:00,Cevahir AVM,300.08,26-35
I101048,C186345,Male,19,Clothing,2,600.16,Cash,2022-09-06 00:00:00,Metrocity,1200.32,18-25
I101051,C722098,Male,59,Shoes,3,1800.51,Credit Card,2021-06-13 00:00:00,Mall of Istanbul,5401.53,56+
I101052,C844541,Male,66,Technology,3,3150,Debit Card,2022-06-25 00:00:00,Kanyon,9450,56+
I101059,C236719,Female,44,Clothing,5,1500.4,Cash,2021-08-25 00:00:00,Mall of Istanbul,7502,36-45
I101060,C131806,Female,54,Clothing,2,600.16,Credit Card,2021-11-16 00:00:00,Metrocity,1200.32,46-55
I101070,C330130,Female,18,Technology,1,1050,Credit Card,2022-04-21 00:00:00,Kanyon,1050,<18
I101083,C165321,Female,57,Clothing,3,900.24,Debit Card,2021-02-04 00:00:00,Kanyon,2700.72,56+
I101084,C943266,Female,26,Food & Beverage,1,5.23,Cash,2022-10-18 00:00:00,Kanyon,5.23,26-35
I101086,C168165,Female,45,Shoes,4,2400.68,Debit Card,2022-02-12 00:00:00,Kanyon,9602.72,36-45
I101088,C824542,Female,28,Toys,5,179.2,Debit Card,2021-01-01 00:00:00,Kanyon,896,26-35
I101089,C392188,Male,39,Clothing,5,1500.4,Credit Card,2021-05-06 00:00:00,Mall of Istanbul,7502,36-45
I101093,C301696,Female,43,Clothing,4,1200.32,Cash,2021-07-05 00:00:00,Mall of Istanbul,4801.28,36-45
I101103,C194266,Female,45,Shoes,4,2400.68,Cash,2021-10-06 00:00:00,Forum Istanbul,9602.72,36-45
I101113,C315161,Female,64,Shoes,3,1800.51,Cash,2021-04-12 00:00:00,Forum Istanbul,5401.53,56+
I101115,C540954,Female,30,Cosmetics,4,162.64,Credit Card,2021-08-01 00:00:00,Metrocity,650.56,26-35
I101130,C298295,Male,45,Food & Beverage,3,15.69,Cash,2022-09-10 00:00:00,Kanyon,47.07,36-45
I101131,C329519,Female,22,Cosmetics,5,203.3,Credit Card,2022-08-22 00:00:00,Metropol AVM,1016.5,18-25
I101133,C270664,Female,63,Clothing,2,600.16,Cash,2022-01-22 00:00:00,Kanyon,1200.32,56+
I101135,C689947,Male,48,Clothing,5,1500.4,Credit Card,2021-01-13 00:00:00,Kanyon,7502,46-55
I101140,C122069,Female,20,Clothing,5,1500.4,Credit Card,2022-07-26 00:00:00,Forum Istanbul,7502,18-25
I101143,C293655,Male,46,Souvenir,5,58.65,Debit Card,2022-02-25 00:00:00,Mall of Istanbul,293.25,46-55
I101146,C303865,Male,26,Food & Beverage,2,10.46,Credit Card,2022-12-25 00:00:00,Viaport Outlet,20.92,26-35
I101148,C680169,Female,26,Cosmetics,4,162.64,Cash,2022-04-21 00:00:00,Cevahir AVM,650.56,26-35
I101152,C276049,Male,30,Clothing,3,900.24,Cash,2021-11-12 00:00:00,Kanyon,2700.72,26-35
I101154,C453116,Male,61,Clothing,4,1200.32,Credit Card,2021-07-05 00:00:00,Metrocity,4801.28,56+
I101155,C114131,Female,58,Clothing,5,1500.4,Cash,2022-06-08 00:00:00,Metropol AVM,7502,56+
I101156,C251408,Female,63,Clothing,2,600.16,Cash,2021-12-07 00:00:00,Zorlu Center,1200.32,56+
I101165,C325003,Female,34,Clothing,1,300.08,Debit Card,2022-08-21 00:00:00,Kanyon,300.08,26-35
I101167,C492992,Female,39,Food & Beverage,5,26.15,Credit Card,2022-01-31 00:00:00,Istinye Park,130.75,36-45
I101171,C786797,Female,64,Clothing,3,900.24,Cash,2021-09-23 00:00:00,Mall of Istanbul,2700.72,56+
I101176,C195529,Female,31,Food & Beverage,1,5.23,Cash,2021-06-17 00:00:00,Istinye Park,5.23,26-35
I101181,C167199,Male,25,Food & Beverage,1,5.23,Cash,2022-12-22 00:00:00,Istinye Park,5.23,18-25
I101183,C274709,Female,41,Cosmetics,1,40.66,Debit Card,2022-03-10 00:00:00,Metropol AVM,40.66,36-45
I101185,C269338,Female,60,Cosmetics,3,121.98,Credit Card,2022-05-20 00:00:00,Istinye Park,365.94,56+
I101189,C301407,Male,68,Souvenir,2,23.46,Cash,2022-05-11 00:00:00,Metrocity,46.92,56+
I101190,C115198,Female,66,Food & Beverage,1,5.23,Credit Card,2021-04-02 00:00:00,Istinye Park,5.23,56+
I101192,C298571,Male,66,Toys,5,179.2,Cash,2021-11-15 00:00:00,Forum Istanbul,896,56+
I101193,C298074,Female,69,Food & Beverage,5,26.15,Credit Card,2021-05-04 00:00:00,Viaport Outlet,130.75,56+
I101201,C296680,Male,51,Cosmetics,2,81.32,Credit Card,2022-06-20 00:00:00,Forum Istanbul,162.64,46-55
I101204,C147656,Female,42,Books,4,60.6,Cash,2022-08-06 00:00:00,Mall of Istanbul,242.4,36-45
I101210,C316485,Female,20,Clothing,5,1500.4,Credit Card,2022-07-04 00:00:00,Zorlu Center,7502,18-25
I101214,C229296,Female,40,Clothing,2,600.16,Credit Card,2021-03-11 00:00:00,Viaport Outlet,1200.32,36-45
I101219,C296170,Female,52,Books,1,15.15,Credit Card,2022-04-30 00:00:00,Kanyon,15.15,46-55
I101220,C322664,Male,67,Souvenir,4,46.92,Cash,2022-10-06 00:00:00,Metropol AVM,187.68,56+
I101229,C256902,Female,19,Food & Beverage,3,15.69,Cash,2022-07-05 00:00:00,Kanyon,47.07,18-25
I101237,C239679,Female,65,Clothing,3,900.24,Credit Card,2021-02-10 00:00:00,Mall of Istanbul,2700.72,56+
I101239,C362001,Female,25,Technology,2,2100,Credit Card,2021-03-14 00:00:00,Metrocity,4200,18-25
I101247,C178321,Male,35,Clothing,3,900.24,Credit Card,2021-02-25 00:00:00,Mall of Istanbul,2700.72,26-35
I101252,C998123,Female,23,Toys,2,71.68,Credit Card,2021-01-21 00:00:00,Forum Istanbul,143.36,18-25
I101255,C164171,Female,66,Food & Beverage,2,10.46,Cash,2021-12-11 00:00:00,Cevahir AVM,20.92,56+
I101256,C129775,Male,50,Clothing,2,600.16,Credit Card,2022-06-26 00:00:00,Mall of Istanbul,1200.32,46-55
I101263,C268120,Male,69,Food & Beverage,4,20.92,Credit Card,2022-12-12 00:00:00,Mall of Istanbul,83.68,56+
I101279,C237894,Female,48,Technology,3,3150,Cash,2022-06-22 00:00:00,Metropol AVM,9450,46-55
I101280,C663744,Female,39,Clothing,2,600.16,Credit Card,2022-03-26 00:00:00,Mall of Istanbul,1200.32,36-45
I101281,C177781,Male,50,Clothing,4,1200.32,Debit Card,2022-03-02 00:00:00,Emaar Square Mall,4801.28,46-55
I101282,C317379,Female,50,Clothing,3,900.24,Cash,2022-06-30 00:00:00,Viaport Outlet,2700.72,46-55
I101283,C294350,Female,48,Food & Beverage,1,5.23,Credit Card,2022-06-19 00:00:00,Metrocity,5.23,46-55
I101288,C476777,Male,36,Food & Beverage,1,5.23,Cash,2022-07-24 00:00:00,Kanyon,5.23,36-45
I101290,C208569,Female,31,Souvenir,4,46.92,Credit Card,2023-02-13 00:00:00,Mall of Istanbul,187.68,26-35
I101296,C132787,Female,41,Cosmetics,2,81.32,Debit Card,2023-01-14 00:00:00,Istinye Park,162.64,36-45
I101301,C211329,Male,39,Food & Beverage,5,26.15,Credit Card,2022-12-12 00:00:00,Kanyon,130.75,36-45
I101305,C131548,Female,66,Toys,3,107.52,Cash,2022-03-07 00:00:00,Forum Istanbul,322.56,56+
I101306,C162468,Female,42,Clothing,3,900.24,Debit Card,2022-05-21 00:00:00,Kanyon,2700.72,36-45
I101308,C551127,Male,18,Shoes,2,1200.34,Credit Card,2021-03-12 00:00:00,Mall of Istanbul,2400.68,<18
I101312,C261678,Male,50,Clothing,5,1500.4,Cash,2021-09-29 00:00:00,Mall of Istanbul,7502,46-55
I101313,C463777,Female,62,Souvenir,1,11.73,Credit Card,2021-02-09 00:00:00,Kanyon,11.73,56+
I101314,C995203,Male,20,Food & Beverage,3,15.69,Cash,2022-05-01 00:00:00,Kanyon,47.07,18-25
I101316,C100544,Female,40,Cosmetics,3,121.98,Debit Card,2022-06-24 00:00:00,Metrocity,365.94,36-45
I101318,C156439,Female,27,Clothing,1,300.08,Debit Card,2021-03-06 00:00:00,Metrocity,300.08,26-35
I101320,C264902,Male,18,Books,3,45.45,Cash,2022-04-12 00:00:00,Mall of Istanbul,136.35,<18
I101325,C101956,Female,27,Souvenir,1,11.73,Cash,2021-02-25 00:00:00,Mall of Istanbul,11.73,26-35
I101328,C468550,Male,52,Clothing,2,600.16,Cash,2022-07-24 00:00:00,Viaport Outlet,1200.32,46-55
I101339,C162091,Female,51,Clothing,4,1200.32,Credit Card,2021-04-21 00:00:00,Forum Istanbul,4801.28,46-55
I101343,C180911,Female,50,Toys,4,143.36,Debit Card,2021-06-02 00:00:00,Viaport Outlet,573.44,46-55
I101344,C107378,Male,54,Shoes,4,2400.68,Credit Card,2022-09-05 00:00:00,Kanyon,9602.72,46-55
I101347,C280063,Female,58,Toys,2,71.68,Credit Card,2021-09-26 00:00:00,Kanyon,143.36,56+
I101348,C126235,Female,67,Clothing,4,1200.32,Credit Card,2022-08-31 00:00:00,Mall of Istanbul,4801.28,56+
I101351,C726291,Female,52,Cosmetics,4,162.64,Cash,2021-06-10 00:00:00,Viaport Outlet,650.56,46-55
I101352,C548721,Female,26,Cosmetics,2,81.32,Cash,2021-01-22 00:00:00,Metropol AVM,162.64,26-35
I101353,C246402,Female,24,Cosmetics,2,81.32,Debit Card,2022-03-25 00:00:00,Istinye Park,162.64,18-25
I101354,C235189,Female,65,Cosmetics,2,81.32,Debit Card,2022-09-12 00:00:00,Emaar Square Mall,162.64,56+
I101356,C227436,Male,38,Cosmetics,1,40.66,Cash,2022-03-23 00:00:00,Metrocity,40.66,36-45
I101359,C269676,Male,42,Shoes,3,1800.51,Cash,2021-12-08 00:00:00,Metropol AVM,5401.53,36-45
I101360,C540352,Female,39,Shoes,5,3000.85,Credit Card,2021-07-11 00:00:00,Mall of Istanbul,15004.25,36-45
I101361,C184579,Male,39,Clothing,4,1200.32,Cash,2021-05-29 00:00:00,Istinye Park,4801.28,36-45
I101363,C182070,Male,18,Clothing,2,600.16,Credit Card,2022-11-26 00:00:00,Metrocity,1200.32,<18
I101366,C927671,Female,47,Clothing,2,600.16,Credit Card,2021-10-19 00:00:00,Kanyon,1200.32,46-55
I101368,C236364,Male,60,Books,4,60.6,Credit Card,2021-02-07 00:00:00,Istinye Park,242.4,56+
I101370,C313925,Female,59,Toys,5,179.2,Credit Card,2021-10-22 00:00:00,Kanyon,896,56+
I101372,C180019,Female,22,Toys,5,179.2,Credit Card,2021-06-05 00:00:00,Forum Istanbul,896,18-25
I101378,C241757,Female,47,Books,3,45.45,Cash,2021-12-30 00:00:00,Metrocity,136.35,46-55
I101379,C275478,Female,61,Clothing,1,300.08,Cash,2023-01-16 00:00:00,Kanyon,300.08,56+
I101383,C151482,Female,29,Cosmetics,5,203.3,Credit Card,2022-04-25 00:00:00,Metrocity,1016.5,26-35
I101390,C314514,Female,35,Cosmetics,3,121.98,Cash,2021-09-08 00:00:00,Mall of Istanbul,365.94,26-35
I101393,C109321,Female,55,Food & Beverage,3,15.69,Debit Card,2022-07-31 00:00:00,Kanyon,47.07,46-55
I101394,C321439,Female,24,Books,1,15.15,Cash,2022-06-07 00:00:00,Metropol AVM,15.15,18-25
I101398,C152504,Female,27,Cosmetics,2,81.32,Credit Card,2022-09-14 00:00:00,Mall of Istanbul,162.64,26-35
I101407,C323409,Female,32,Clothing,5,1500.4,Cash,2022-07-16 00:00:00,Viaport Outlet,7502,26-35
I101409,C431191,Female,21,Clothing,3,900.24,Debit Card,2022-11-10 00:00:00,Kanyon,2700.72,18-25
I101410,C177708,Female,63,Clothing,3,900.24,Cash,2022-06-13 00:00:00,Istinye Park,2700.72,56+
I101414,C104129,Female,20,Clothing,4,1200.32,Cash,2021-08-12 00:00:00,Metrocity,4801.28,18-25
I101418,C127683,Female,50,Clothing,3,900.24,Credit Card,2021-02-27 00:00:00,Emaar Square Mall,2700.72,46-55
I101419,C502529,Male,54,Toys,2,71.68,Credit Card,2021-03-11 00:00:00,Istinye Park,143.36,46-55
I101423,C666388,Male,52,Books,3,45.45,Cash,2023-02-03 00:00:00,Viaport Outlet,136.35,46-55
I101426,C262766,Female,67,Cosmetics,3,121.98,Cash,2021-04-29 00:00:00,Kanyon,365.94,56+
I101428,C197332,Female,21,Clothing,5,1500.4,Debit Card,2021-07-08 00:00:00,Mall of Istanbul,7502,18-25
I101429,C148693,Female,50,Books,4,60.6,Credit Card,2021-04-17 00:00:00,Mall of Istanbul,242.4,46-55
I101433,C208860,Male,40,Food & Beverage,3,15.69,Credit Card,2022-08-10 00:00:00,Mall of Istanbul,47.07,36-45
I101434,C310631,Male,30,Books,5,75.75,Cash,2021-11-29 00:00:00,Mall of Istanbul,378.75,26-35
I101435,C245633,Female,29,Toys,2,71.68,Credit Card,2022-08-04 00:00:00,Metropol AVM,143.36,26-35
I101442,C837574,Female,29,Cosmetics,4,162.64,Credit Card,2021-09-05 00:00:00,Mall of Istanbul,650.56,26-35
I101444,C335486,Female,51,Souvenir,5,58.65,Debit Card,2021-12-17 00:00:00,Emaar Square Mall,293.25,46-55
I101445,C171342,Female,18,Cosmetics,4,162.64,Credit Card,2022-05-02 00:00:00,Kanyon,650.56,<18
I101449,C220137,Male,33,Cosmetics,4,162.64,Credit Card,2021-12-05 00:00:00,Metrocity,650.56,26-35
I101452,C231594,Male,45,Clothing,2,600.16,Credit Card,2021-10-15 00:00:00,Emaar Square Mall,1200.32,36-45
I101453,C666613,Female,65,Cosmetics,1,40.66,Debit Card,2021-04-09 00:00:00,Kanyon,40.66,56+
I101454,C118691,Female,53,Clothing,3,900.24,Cash,2022-04-20 00:00:00,Istinye Park,2700.72,46-55
I101455,C154531,Male,69,Technology,3,3150,Cash,2022-02-28 00:00:00,Kanyon,9450,56+
I101456,C283434,Male,36,Technology,4,4200,Credit Card,2022-12-26 00:00:00,Kanyon,16800,36-45
I101458,C113888,Female,35,Clothing,1,300.08,Cash,2022-07-21 00:00:00,Metrocity,300.08,26-35
I101460,C247762,Female,45,Clothing,5,1500.4,Cash,2022-01-11 00:00:00,Zorlu Center,7502,36-45
I101465,C250819,Female,23,Clothing,2,600.16,Credit Card,2021-06-16 00:00:00,Metrocity,1200.32,18-25
I101466,C314331,Female,36,Clothing,2,600.16,Cash,2022-09-29 00:00:00,Emaar Square Mall,1200.32,36-45
I101467,C155383,Female,54,Toys,4,143.36,Cash,2022-07-04 00:00:00,Metropol AVM,573.44,46-55
I101472,C216194,Female,45,Clothing,4,1200.32,Cash,2021-07-06 00:00:00,Metrocity,4801.28,36-45
I101475,C204569,Female,54,Souvenir,3,35.19,Credit Card,2021-08-04 00:00:00,Kanyon,105.57,46-55
I101476,C295108,Female,59,Toys,2,71.68,Cash,2022-05-06 00:00:00,Istinye Park,143.36,56+
I101480,C145217,Female,29,Books,1,15.15,Credit Card,2023-01-15 00:00:00,Metrocity,15.15,26-35
I101483,C670088,Female,54,Books,2,30.3,Cash,2022-01-14 00:00:00,Viaport Outlet,60.6,46-55
I101489,C287411,Male,56,Toys,1,35.84,Credit Card,2022-03-14 00:00:00,Zorlu Center,35.84,56+
I101498,C431849,Female,52,Clothing,2,600.16,Debit Card,2021-08-30 00:00:00,Mall of Istanbul,1200.32,46-55
I101499,C208394,Male,52,Clothing,4,1200.32,Cash,2022-06-16 00:00:00,Kanyon,4801.28,46-55
I101509,C416542,Female,48,Food & Beverage,2,10.46,Cash,2022-04-23 00:00:00,Istinye Park,20.92,46-55
I101511,C286261,Male,58,Food & Beverage,4,20.92,Credit Card,2021-10-06 00:00:00,Kanyon,83.68,56+
I101512,C657278,Female,43,Clothing,4,1200.32,Cash,2021-07-30 00:00:00,Kanyon,4801.28,36-45
I101518,C107937,Female,37,Toys,4,143.36,Cash,2022-04-09 00:00:00,Mall of Istanbul,573.44,36-45
I101520,C260507,Female,32,Clothing,1,300.08,Debit Card,2021-03-12 00:00:00,Kanyon,300.08,26-35
I101521,C234258,Male,54,Clothing,5,1500.4,Debit Card,2022-03-28 00:00:00,Forum Istanbul,7502,46-55
I101525,C616099,Female,69,Clothing,3,900.24,Cash,2021-10-22 00:00:00,Zorlu Center,2700.72,56+
I101526,C332894,Female,24,Clothing,5,1500.4,Cash,2022-08-18 00:00:00,Forum Istanbul,7502,18-25
I101528,C149902,Female,60,Technology,5,5250,Cash,2022-05-19 00:00:00,Zorlu Center,26250,56+
I101529,C203227,Female,20,Toys,5,179.2,Debit Card,2021-01-17 00:00:00,Metrocity,896,18-25
I101532,C128002,Male,56,Toys,3,107.52,Cash,2022-07-01 00:00:00,Cevahir AVM,322.56,56+
I101535,C219503,Female,39,Cosmetics,4,162.64,Credit Card,2023-03-01 00:00:00,Istinye Park,650.56,36-45
I101536,C323102,Female,66,Toys,2,71.68,Credit Card,2022-12-07 00:00:00,Emaar Square Mall,143.36,56+
I101537,C168070,Female,26,Souvenir,1,11.73,Credit Card,2021-11-06 00:00:00,Cevahir AVM,11.73,26-35
I101541,C210572,Female,58,Clothing,3,900.24,Debit Card,2021-12-13 00:00:00,Istinye Park,2700.72,56+
I101544,C208879,Female,48,Cosmetics,2,81.32,Credit Card,2021-02-13 00:00:00,Metrocity,162.64,46-55
I101546,C121708,Female,45,Shoes,2,1200.34,Credit Card,2023-02-18 00:00:00,Metrocity,2400.68,36-45
I101549,C311614,Female,45,Toys,3,107.52,Debit Card,2021-07-20 00:00:00,Zorlu Center,322.56,36-45
I101551,C164448,Female,45,Clothing,2,600.16,Debit Card,2021-12-27 00:00:00,Metrocity,1200.32,36-45
I101554,C273482,Female,41,Clothing,2,600.16,Cash,2021-08-01 00:00:00,Emaar Square Mall,1200.32,36-45
I101555,C758873,Female,25,Cosmetics,5,203.3,Debit Card,2022-06-05 00:00:00,Kanyon,1016.5,18-25
I101569,C148240,Male,21,Toys,2,71.68,Credit Card,2022-07-14 00:00:00,Emaar Square Mall,143.36,18-25
I101572,C210353,Female,50,Clothing,4,1200.32,Cash,2022-11-06 00:00:00,Metropol AVM,4801.28,46-55
I101573,C150669,Female,57,Cosmetics,4,162.64,Cash,2022-07-28 00:00:00,Cevahir AVM,650.56,56+
I101574,C178897,Female,32,Food & Beverage,2,10.46,Credit Card,2023-02-02 00:00:00,Kanyon,20.92,26-35
I101576,C262719,Male,58,Clothing,1,300.08,Debit Card,2021-08-12 00:00:00,Kanyon,300.08,56+
I101578,C302346,Female,61,Books,3,45.45,Cash,2023-03-04 00:00:00,Metrocity,136.35,56+
I101580,C266174,Male,47,Clothing,4,1200.32,Debit Card,2021-04-03 00:00:00,Kanyon,4801.28,46-55
I101585,C157226,Female,65,Books,3,45.45,Credit Card,2022-09-26 00:00:00,Mall of Istanbul,136.35,56+
I101587,C434876,Female,53,Technology,5,5250,Cash,2022-01-11 00:00:00,Metropol AVM,26250,46-55
I101588,C769285,Female,63,Clothing,3,900.24,Cash,2021-05-17 00:00:00,Kanyon,2700.72,56+
I101592,C228966,Female,54,Books,1,15.15,Credit Card,2021-10-25 00:00:00,Kanyon,15.15,46-55
I101594,C117752,Female,50,Shoes,3,1800.51,Cash,2021-08-08 00:00:00,Cevahir AVM,5401.53,46-55
I101596,C309263,Female,43,Books,5,75.75,Cash,2021-08-30 00:00:00,Kanyon,378.75,36-45
I101598,C338372,Female,59,Cosmetics,2,81.32,Credit Card,2021-07-30 00:00:00,Metrocity,162.64,56+
I101603,C309591,Male,67,Toys,2,71.68,Cash,2021-10-05 00:00:00,Kanyon,143.36,56+
I101605,C756859,Female,30,Clothing,2,600.16,Cash,2023-01-25 00:00:00,Mall of Istanbul,1200.32,26-35
I101606,C279630,Male,25,Clothing,1,300.08,Cash,2021-11-28 00:00:00,Mall of Istanbul,300.08,18-25
I101612,C185174,Male,39,Toys,3,107.52,Credit Card,2022-12-28 00:00:00,Metrocity,322.56,36-45
I101618,C203219,Male,24,Clothing,1,300.08,Cash,2021-01-10 00:00:00,Kanyon,300.08,18-25
I101620,C104200,Female,69,Clothing,4,1200.32,Debit Card,2021-08-12 00:00:00,Kanyon,4801.28,56+
I101621,C325188,Female,18,Souvenir,4,46.92,Cash,2022-03-19 00:00:00,Kanyon,187.68,<18
I101624,C115743,Male,62,Cosmetics,3,121.98,Cash,2021-10-15 00:00:00,Kanyon,365.94,56+
I101627,C144374,Male,59,Food & Beverage,2,10.46,Debit Card,2022-08-26 00:00:00,Zorlu Center,20.92,56+
I101629,C102585,Male,41,Cosmetics,3,121.98,Cash,2021-09-25 00:00:00,Mall of Istanbul,365.94,36-45
I101634,C318714,Female,19,Clothing,1,300.08,Debit Card,2022-03-11 00:00:00,Metrocity,300.08,18-25
I101635,C695700,Female,18,Toys,5,179.2,Cash,2022-06-03 00:00:00,Forum Istanbul,896,<18
I101638,C217867,Female,27,Technology,2,2100,Cash,2022-07-22 00:00:00,Metrocity,4200,26-35
I101641,C483550,Male,37,Toys,3,107.52,Credit Card,2021-12-06 00:00:00,Cevahir AVM,322.56,36-45
I101642,C296856,Female,39,Clothing,4,1200.32,Debit Card,2021-10-22 00:00:00,Mall of Istanbul,4801.28,36-45
I101645,C683241,Female,63,Clothing,4,1200.32,Credit Card,2022-11-10 00:00:00,Metrocity,4801.28,56+
I101649,C801987,Male,41,Technology,3,3150,Cash,2021-11-12 00:00:00,Metropol AVM,9450,36-45
I101653,C185129,Female,68,Souvenir,2,23.46,Cash,2021-04-10 00:00:00,Kanyon,46.92,56+
I101658,C254846,Female,63,Cosmetics,1,40.66,Credit Card,2021-09-18 00:00:00,Mall of Istanbul,40.66,56+
I101659,C197249,Female,67,Shoes,5,3000.85,Cash,2022-11-29 00:00:00,Viaport Outlet,15004.25,56+
I101661,C156543,Female,45,Clothing,4,1200.32,Cash,2022-08-06 00:00:00,Emaar Square Mall,4801.28,36-45
I101667,C142998,Female,41,Souvenir,5,58.65,Credit Card,2022-09-14 00:00:00,Metrocity,293.25,36-45
I101669,C308898,Male,32,Toys,3,107.52,Credit Card,2022-08-01 00:00:00,Viaport Outlet,322.56,26-35
I101670,C584201,Female,34,Clothing,1,300.08,Cash,2021-02-02 00:00:00,Metropol AVM,300.08,26-35
I101672,C976493,Male,21,Books,2,30.3,Credit Card,2021-01-23 00:00:00,Metrocity,60.6,18-25
I101674,C284838,Male,22,Cosmetics,1,40.66,Credit Card,2021-06-12 00:00:00,Viaport Outlet,40.66,18-25
I101675,C302289,Female,20,Cosmetics,3,121.98,Debit Card,2022-10-06 00:00:00,Metrocity,365.94,18-25
I101676,C179567,Female,39,Clothing,2,600.16,Cash,2023-02-10 00:00:00,Kanyon,1200.32,36-45
I101677,C518156,Female,22,Books,5,75.75,Credit Card,2021-01-23 00:00:00,Cevahir AVM,378.75,18-25
I101682,C201671,Female,46,Clothing,4,1200.32,Cash,2022-12-07 00:00:00,Cevahir AVM,4801.28,46-55
I101684,C280909,Female,25,Souvenir,5,58.65,Credit Card,2022-08-28 00:00:00,Mall of Istanbul,293.25,18-25
I101686,C520399,Female,30,Clothing,3,900.24,Debit Card,2021-12-03 00:00:00,Istinye Park,2700.72,26-35
I101691,C322262,Male,67,Souvenir,4,46.92,Cash,2021-03-05 00:00:00,Mall of Istanbul,187.68,56+
I101700,C156564,Male,56,Cosmetics,2,81.32,Credit Card,2022-03-04 00:00:00,Istinye Park,162.64,56+
I101703,C113813,Female,65,Cosmetics,1,40.66,Credit Card,2022-11-01 00:00:00,Mall of Istanbul,40.66,56+
I101704,C568729,Female,22,Toys,3,107.52,Credit Card,2021-05-10 00:00:00,Kanyon,322.56,18-25
I101708,C103055,Male,55,Food & Beverage,1,5.23,Cash,2021-05-25 00:00:00,Metrocity,5.23,46-55
I101709,C800815,Female,20,Clothing,5,1500.4,Debit Card,2021-09-02 00:00:00,Mall of Istanbul,7502,18-25
I101711,C354279,Male,48,Food & Beverage,3,15.69,Credit Card,2021-06-18 00:00:00,Metropol AVM,47.07,46-55
I101714,C273113,Female,33,Books,3,45.45,Cash,2022-10-11 00:00:00,Mall of Istanbul,136.35,26-35
I101716,C254712,Female,19,Clothing,2,600.16,Debit Card,2021-11-04 00:00:00,Istinye Park,1200.32,18-25
I101717,C143132,Male,42,Cosmetics,5,203.3,Cash,2021-12-03 00:00:00,Kanyon,1016.5,36-45
I101720,C105307,Male,67,Cosmetics,1,40.66,Cash,2022-03-29 00:00:00,Metrocity,40.66,56+
I101724,C331264,Female,60,Food & Beverage,5,26.15,Cash,2022-03-16 00:00:00,Metrocity,130.75,56+
I101727,C145580,Male,67,Clothing,2,600.16,Cash,2022-05-04 00:00:00,Cevahir AVM,1200.32,56+
I101728,C183537,Female,48,Cosmetics,2,81.32,Cash,2021-11-07 00:00:00,Mall of Istanbul,162.64,46-55
I101730,C378627,Female,41,Toys,5,179.2,Credit Card,2021-12-19 00:00:00,Kanyon,896,36-45
I101731,C125296,Female,41,Books,3,45.45,Cash,2023-01-23 00:00:00,Mall of Istanbul,136.35,36-45
I101734,C150574,Female,26,Shoes,2,1200.34,Credit Card,2021-09-08 00:00:00,Metropol AVM,2400.68,26-35
I101739,C152510,Male,49,Clothing,1,300.08,Debit Card,2021-02-04 00:00:00,Kanyon,300.08,46-55
I101740,C136633,Male,22,Toys,1,35.84,Debit Card,2021-11-12 00:00:00,Istinye Park,35.84,18-25
I101741,C319933,Male,68,Shoes,3,1800.51,Credit Card,2021-07-21 00:00:00,Mall of Istanbul,5401.53,56+
I101742,C123907,Female,34,Toys,5,179.2,Credit Card,2021-01-17 00:00:00,Mall of Istanbul,896,26-35
I101743,C158928,Male,48,Cosmetics,3,121.98,Cash,2022-03-31 00:00:00,Metrocity,365.94,46-55
I101745,C105559,Male,42,Shoes,5,3000.85,Cash,2021-04-05 00:00:00,Cevahir AVM,15004.25,36-45
I101752,C116715,Female,45,Souvenir,4,46.92,Cash,2021-05-16 00:00:00,Metropol AVM,187.68,36-45
I101753,C336142,Female,29,Cosmetics,5,203.3,Credit Card,2021-04-25 00:00:00,Istinye Park,1016.5,26-35
I101754,C125307,Female,53,Clothing,4,1200.32,Debit Card,2021-09-24 00:00:00,Kanyon,4801.28,46-55
I101755,C333796,Female,53,Clothing,3,900.24,Debit Card,2021-02-19 00:00:00,Metrocity,2700.72,46-55
I101765,C280567,Male,41,Clothing,3,900.24,Credit Card,2021-08-07 00:00:00,Kanyon,2700.72,36-45
I101767,C181289,Female,30,Food & Beverage,4,20.92,Credit Card,2022-10-22 00:00:00,Metropol AVM,83.68,26-35
I101768,C249684,Female,56,Cosmetics,3,121.98,Credit Card,2022-01-24 00:00:00,Mall of Istanbul,365.94,56+
I101769,C306686,Male,61,Food & Beverage,5,26.15,Debit Card,2022-04-18 00:00:00,Viaport Outlet,130.75,56+
I101775,C867251,Female,64,Clothing,2,600.16,Credit Card,2023-02-14 00:00:00,Mall of Istanbul,1200.32,56+
I101779,C114592,Female,62,Books,3,45.45,Debit Card,2022-03-14 00:00:00,Mall of Istanbul,136.35,56+
I101782,C221270,Female,26,Cosmetics,5,203.3,Credit Card,2021-06-22 00:00:00,Mall of Istanbul,1016.5,26-35
I101785,C279161,Female,31,Shoes,5,3000.85,Debit Card,2022-07-13 00:00:00,Kanyon,15004.25,26-35
I101790,C310170,Female,68,Books,1,15.15,Credit Card,2021-09-06 00:00:00,Kanyon,15.15,56+
I101795,C207950,Male,39,Clothing,4,1200.32,Debit Card,2023-01-25 00:00:00,Metrocity,4801.28,36-45
I101799,C789602,Female,59,Technology,3,3150,Credit Card,2022-05-18 00:00:00,Viaport Outlet,9450,56+
I101806,C322425,Female,42,Clothing,1,300.08,Credit Card,2022-01-05 00:00:00,Mall of Istanbul,300.08,36-45
I101809,C148190,Female,21,Clothing,5,1500.4,Cash,2021-11-10 00:00:00,Mall of Istanbul,7502,18-25
I101810,C259949,Female,69,Toys,4,143.36,Credit Card,2021-07-05 00:00:00,Emaar Square Mall,573.44,56+
I101819,C787263,Female,59,Toys,3,107.52,Cash,2022-06-17 00:00:00,Metropol AVM,322.56,56+
I101820,C324317,Male,69,Clothing,1,300.08,Cash,2021-08-14 00:00:00,Emaar Square Mall,300.08,56+
I101822,C178709,Female,53,Food & Beverage,4,20.92,Debit Card,2022-07-04 00:00:00,Istinye Park,83.68,46-55
I101823,C121785,Male,64,Clothing,4,1200.32,Credit Card,2021-06-22 00:00:00,Emaar Square Mall,4801.28,56+
I101827,C150375,Female,27,Toys,3,107.52,Cash,2022-11-11 00:00:00,Kanyon,322.56,26-35
I101829,C207614,Female,52,Technology,2,2100,Credit Card,2021-11-25 00:00:00,Istinye Park,4200,46-55
I101832,C261194,Female,40,Cosmetics,3,121.98,Credit Card,2022-12-25 00:00:00,Kanyon,365.94,36-45
I101834,C407525,Female,69,Toys,5,179.2,Cash,2021-04-23 00:00:00,Istinye Park,896,56+
I101837,C288430,Female,33,Shoes,4,2400.68,Credit Card,2022-05-14 00:00:00,Metrocity,9602.72,26-35
I101840,C128251,Male,61,Clothing,3,900.24,Credit Card,2022-03-28 00:00:00,Kanyon,2700.72,56+
I101842,C158131,Female,62,Shoes,1,600.17,Credit Card,2021-04-27 00:00:00,Metropol AVM,600.17,56+
I101843,C300621,Female,61,Clothing,5,1500.4,Cash,2023-01-18 00:00:00,Kanyon,7502,56+
I101852,C224985,Male,32,Clothing,2,600.16,Debit Card,2023-03-04 00:00:00,Mall of Istanbul,1200.32,26-35
I101854,C190002,Male,41,Shoes,1,600.17,Cash,2022-10-14 00:00:00,Mall of Istanbul,600.17,36-45
I101855,C120734,Female,25,Books,4,60.6,Cash,2023-02-18 00:00:00,Forum Istanbul,242.4,18-25
I101857,C227245,Female,34,Souvenir,2,23.46,Cash,2022-04-29 00:00:00,Metropol AVM,46.92,26-35
I101862,C352919,Female,24,Shoes,2,1200.34,Credit Card,2022-12-02 00:00:00,Viaport Outlet,2400.68,18-25
I101865,C248634,Female,47,Clothing,1,300.08,Cash,2023-01-15 00:00:00,Mall of Istanbul,300.08,46-55
I101869,C578801,Male,27,Technology,2,2100,Cash,2023-01-25 00:00:00,Mall of Istanbul,4200,26-35
I101870,C350587,Female,68,Shoes,3,1800.51,Cash,2021-03-24 00:00:00,Metropol AVM,5401.53,56+
I101871,C233682,Female,26,Cosmetics,4,162.64,Cash,2023-01-22 00:00:00,Kanyon,650.56,26-35
I101873,C844870,Female,67,Clothing,2,600.16,Credit Card,2021-12-14 00:00:00,Emaar Square Mall,1200.32,56+
I101879,C419320,Male,52,Cosmetics,2,81.32,Credit Card,2021-06-18 00:00:00,Kanyon,162.64,46-55
I101882,C225381,Male,38,Clothing,4,1200.32,Cash,2022-06-10 00:00:00,Zorlu Center,4801.28,36-45
I101885,C199456,Male,57,Books,4,60.6,Credit Card,2021-04-18 00:00:00,Forum Istanbul,242.4,56+
I101887,C169919,Male,32,Souvenir,4,46.92,Cash,2021-08-16 00:00:00,Metrocity,187.68,26-35
I101888,C216076,Male,69,Clothing,5,1500.4,Cash,2021-02-22 00:00:00,Metropol AVM,7502,56+
I101889,C121577,Female,52,Shoes,3,1800.51,Cash,2022-02-17 00:00:00,Metropol AVM,5401.53,46-55
I101891,C180405,Female,21,Cosmetics,2,81.32,Debit Card,2022-09-20 00:00:00,Cevahir AVM,162.64,18-25
I101893,C586871,Female,36,Food & Beverage,1,5.23,Credit Card,2022-04-12 00:00:00,Viaport Outlet,5.23,36-45
I101896,C113243,Male,51,Food & Beverage,2,10.46,Credit Card,2022-03-27 00:00:00,Kanyon,20.92,46-55
I101901,C241557,Male,53,Food & Beverage,4,20.92,Cash,2021-04-27 00:00:00,Istinye Park,83.68,46-55
I101902,C195949,Female,64,Clothing,5,1500.4,Credit Card,2021-04-05 00:00:00,Mall of Istanbul,7502,56+
I101904,C106038,Female,23,Souvenir,1,11.73,Credit Card,2021-02-22 00:00:00,Kanyon,11.73,18-25
I101905,C147666,Female,36,Cosmetics,3,121.98,Cash,2021-02-24 00:00:00,Kanyon,365.94,36-45
I101906,C306258,Male,65,Shoes,2,1200.34,Credit Card,2022-05-29 00:00:00,Metrocity,2400.68,56+
I101910,C304301,Male,41,Souvenir,4,46.92,Cash,2022-03-29 00:00:00,Viaport Outlet,187.68,36-45
I101912,C499795,Female,46,Cosmetics,5,203.3,Debit Card,2022-07-29 00:00:00,Zorlu Center,1016.5,46-55
I101915,C112646,Male,42,Clothing,1,300.08,Credit Card,2022-09-22 00:00:00,Kanyon,300.08,36-45
I101919,C209103,Male,32,Clothing,4,1200.32,Credit Card,2021-10-20 00:00:00,Metropol AVM,4801.28,26-35
I101920,C208660,Female,37,Food & Beverage,4,20.92,Debit Card,2021-10-26 00:00:00,Cevahir AVM,83.68,36-45
I101921,C243839,Female,39,Books,3,45.45,Credit Card,2023-02-16 00:00:00,Emaar Square Mall,136.35,36-45
I101925,C329689,Male,66,Technology,3,3150,Debit Card,2023-02-03 00:00:00,Mall of Istanbul,9450,56+
I101927,C156809,Male,53,Books,2,30.3,Credit Card,2021-06-15 00:00:00,Mall of Istanbul,60.6,46-55
I101934,C153128,Male,41,Cosmetics,3,121.98,Debit Card,2021-12-31 00:00:00,Emaar Square Mall,365.94,36-45
I101940,C283119,Female,18,Souvenir,5,58.65,Cash,2022-12-25 00:00:00,Istinye Park,293.25,<18
I101953,C316666,Male,52,Technology,3,3150,Cash,2021-02-16 00:00:00,Metrocity,9450,46-55
I101967,C218507,Female,26,Food & Beverage,5,26.15,Cash,2023-02-25 00:00:00,Istinye Park,130.75,26-35
I101968,C134978,Male,56,Clothing,3,900.24,Credit Card,2023-01-24 00:00:00,Metrocity,2700.72,56+
I101972,C182834,Female,57,Clothing,5,1500.4,Credit Card,2022-02-03 00:00:00,Metrocity,7502,56+
I101974,C184510,Male,57,Toys,5,179.2,Credit Card,2021-11-11 00:00:00,Mall of Istanbul,896,56+
I101975,C208782,Female,22,Clothing,2,600.16,Cash,2022-01-07 00:00:00,Kanyon,1200.32,18-25
I101978,C188650,Female,42,Clothing,5,1500.4,Debit Card,2022-08-14 00:00:00,Mall of Istanbul,7502,36-45
I101979,C109876,Male,25,Clothing,2,600.16,Cash,2023-02-22 00:00:00,Mall of Istanbul,1200.32,18-25
I101982,C116333,Female,40,Technology,5,5250,Cash,2021-02-01 00:00:00,Emaar Square Mall,26250,36-45
I101983,C889640,Male,57,Toys,1,35.84,Credit Card,2021-09-16 00:00:00,Zorlu Center,35.84,56+
I101984,C117381,Male,45,Clothing,2,600.16,Credit Card,2022-10-01 00:00:00,Metrocity,1200.32,36-45
I101989,C269810,Male,66,Clothing,4,1200.32,Credit Card,2021-03-28 00:00:00,Zorlu Center,4801.28,56+
I101993,C158626,Female,52,Shoes,1,600.17,Cash,2021-10-02 00:00:00,Zorlu Center,600.17,46-55
I101996,C157238,Female,32,Cosmetics,3,121.98,Cash,2021-06-15 00:00:00,Kanyon,365.94,26-35
I102001,C167373,Female,54,Food & Beverage,5,26.15,Debit Card,2021-05-24 00:00:00,Kanyon,130.75,46-55
I102006,C133645,Female,64,Clothing,2,600.16,Debit Card,2021-01-07 00:00:00,Kanyon,1200.32,56+
I102008,C171022,Female,47,Clothing,5,1500.4,Debit Card,2023-02-15 00:00:00,Forum Istanbul,7502,46-55
I102009,C146739,Female,31,Shoes,1,600.17,Cash,2021-11-13 00:00:00,Forum Istanbul,600.17,26-35
I102014,C158673,Male,37,Food & Beverage,1,5.23,Cash,2021-02-26 00:00:00,Metropol AVM,5.23,36-45
I102015,C127328,Female,18,Clothing,3,900.24,Cash,2022-01-23 00:00:00,Viaport Outlet,2700.72,<18
I102020,C244182,Male,20,Food & Beverage,4,20.92,Debit Card,2022-08-10 00:00:00,Kanyon,83.68,18-25
I102021,C178086,Female,43,Toys,4,143.36,Cash,2022-04-07 00:00:00,Forum Istanbul,573.44,36-45
I102024,C132062,Female,19,Souvenir,5,58.65,Credit Card,2022-11-10 00:00:00,Kanyon,293.25,18-25
I102025,C119370,Male,51,Books,3,45.45,Credit Card,2022-09-14 00:00:00,Forum Istanbul,136.35,46-55
I102031,C208014,Female,43,Toys,1,35.84,Cash,2022-09-06 00:00:00,Kanyon,35.84,36-45
I102037,C523688,Female,58,Toys,1,35.84,Cash,2022-10-21 00:00:00,Metrocity,35.84,56+
I102038,C227579,Male,58,Food & Beverage,1,5.23,Cash,2021-05-19 00:00:00,Cevahir AVM,5.23,56+
I102040,C184203,Male,39,Toys,4,143.36,Cash,2021-07-20 00:00:00,Istinye Park,573.44,36-45
I102041,C846159,Male,50,Cosmetics,3,121.98,Cash,2021-08-21 00:00:00,Mall of Istanbul,365.94,46-55
I102042,C539103,Male,42,Cosmetics,3,121.98,Credit Card,2021-08-01 00:00:00,Kanyon,365.94,36-45
I102045,C105667,Male,40,Food & Beverage,3,15.69,Credit Card,2021-05-22 00:00:00,Metropol AVM,47.07,36-45
I102047,C203711,Male,65,Toys,3,107.52,Credit Card,2021-06-01 00:00:00,Metropol AVM,322.56,56+
I102048,C597678,Male,23,Books,1,15.15,Debit Card,2021-08-05 00:00:00,Mall of Istanbul,15.15,18-25
I102049,C282234,Female,58,Cosmetics,4,162.64,Cash,2022-02-17 00:00:00,Metropol AVM,650.56,56+
I102051,C283917,Male,20,Clothing,2,600.16,Credit Card,2022-07-26 00:00:00,Mall of Istanbul,1200.32,18-25
I102053,C318494,Female,56,Clothing,2,600.16,Cash,2021-05-13 00:00:00,Mall of Istanbul,1200.32,56+
I102054,C948047,Female,38,Clothing,1,300.08,Credit Card,2022-05-07 00:00:00,Viaport Outlet,300.08,36-45
I102058,C245703,Female,50,Cosmetics,1,40.66,Debit Card,2022-04-27 00:00:00,Mall of Istanbul,40.66,46-55
I102059,C297169,Female,45,Souvenir,3,35.19,Cash,2022-12-13 00:00:00,Cevahir AVM,105.57,36-45
I102061,C181574,Male,36,Shoes,5,3000.85,Credit Card,2022-03-11 00:00:00,Kanyon,15004.25,36-45
I102065,C799164,Female,40,Clothing,2,600.16,Debit Card,2022-04-23 00:00:00,Metropol AVM,1200.32,36-45
I102068,C317485,Female,20,Souvenir,1,11.73,Cash,2021-07-07 00:00:00,Metrocity,11.73,18-25
I102069,C273829,Female,65,Food & Beverage,2,10.46,Cash,2022-01-25 00:00:00,Viaport Outlet,20.92,56+
I102070,C205475,Male,26,Clothing,4,1200.32,Cash,2021-04-20 00:00:00,Forum Istanbul,4801.28,26-35
I102072,C283005,Female,38,Cosmetics,5,203.3,Credit Card,2022-10-05 00:00:00,Kanyon,1016.5,36-45
I102075,C127805,Female,61,Cosmetics,1,40.66,Cash,2021-07-30 00:00:00,Metrocity,40.66,56+
I102082,C402987,Female,31,Souvenir,5,58.65,Credit Card,2022-06-20 00:00:00,Metrocity,293.25,26-35
I102084,C339822,Male,25,Shoes,2,1200.34,Cash,2022-02-19 00:00:00,Metrocity,2400.68,18-25
I102088,C184837,Male,36,Clothing,3,900.24,Cash,2021-05-08 00:00:00,Metropol AVM,2700.72,36-45
I102091,C190233,Female,26,Toys,3,107.52,Debit Card,2022-03-15 00:00:00,Istinye Park,322.56,26-35
I102092,C172569,Female,21,Shoes,5,3000.85,Cash,2022-11-16 00:00:00,Viaport Outlet,15004.25,18-25
I102100,C252261,Female,69,Souvenir,1,11.73,Debit Card,2022-03-31 00:00:00,Kanyon,11.73,56+
I102101,C270792,Female,30,Clothing,5,1500.4,Debit Card,2022-07-21 00:00:00,Kanyon,7502,26-35
I102102,C628484,Male,66,Shoes,2,1200.34,Credit Card,2022-06-11 00:00:00,Istinye Park,2400.68,56+
I102107,C294500,Male,31,Clothing,5,1500.4,Debit Card,2022-09-06 00:00:00,Mall of Istanbul,7502,26-35
I102108,C316403,Female,28,Shoes,4,2400.68,Credit Card,2021-06-25 00:00:00,Zorlu Center,9602.72,26-35
I102112,C308314,Male,26,Clothing,3,900.24,Credit Card,2021-12-25 00:00:00,Metrocity,2700.72,26-35
I102115,C629211,Male,50,Clothing,5,1500.4,Debit Card,2023-02-02 00:00:00,Metrocity,7502,46-55
I102118,C336690,Female,69,Cosmetics,3,121.98,Cash,2023-02-10 00:00:00,Kanyon,365.94,56+
I102119,C299453,Female,37,Clothing,1,300.08,Credit Card,2022-05-20 00:00:00,Forum Istanbul,300.08,36-45
I102120,C207445,Female,19,Clothing,1,300.08,Debit Card,2022-08-14 00:00:00,Forum Istanbul,300.08,18-25
I102128,C183134,Male,21,Clothing,4,1200.32,Credit Card,2022-08-04 00:00:00,Metrocity,4801.28,18-25
I102131,C330136,Female,65,Food & Beverage,1,5.23,Debit Card,2022-04-12 00:00:00,Zorlu Center,5.23,56+
I102133,C121237,Female,36,Clothing,1,300.08,Credit Card,2022-01-10 00:00:00,Kanyon,300.08,36-45
I102141,C329384,Male,34,Clothing,1,300.08,Debit Card,2022-02-28 00:00:00,Mall of Istanbul,300.08,26-35
I102142,C234980,Female,22,Shoes,2,1200.34,Debit Card,2022-12-24 00:00:00,Istinye Park,2400.68,18-25
I102143,C163307,Female,64,Shoes,3,1800.51,Credit Card,2022-01-19 00:00:00,Kanyon,5401.53,56+
I102144,C317414,Female,45,Souvenir,4,46.92,Cash,2021-12-07 00:00:00,Mall of Istanbul,187.68,36-45
I102148,C127692,Female,60,Clothing,4,1200.32,Credit Card,2022-01-15 00:00:00,Metrocity,4801.28,56+
I102149,C253677,Female,53,Clothing,4,1200.32,Debit Card,2022-03-22 00:00:00,Mall of Istanbul,4801.28,46-55
I102150,C336009,Male,48,Cosmetics,3,121.98,Debit Card,2022-10-23 00:00:00,Kanyon,365.94,46-55
I102151,C460226,Female,64,Toys,2,71.68,Cash,2022-11-29 00:00:00,Kanyon,143.36,56+
I102157,C204532,Male,42,Shoes,1,600.17,Debit Card,2022-09-28 00:00:00,Mall of Istanbul,600.17,36-45
I102159,C115523,Female,21,Food & Beverage,2,10.46,Cash,2022-06-02 00:00:00,Zorlu Center,20.92,18-25
I102162,C274417,Female,64,Food & Beverage,3,15.69,Credit Card,2023-02-12 00:00:00,Metropol AVM,47.07,56+
I102166,C763155,Male,55,Books,1,15.15,Cash,2022-08-06 00:00:00,Kanyon,15.15,46-55
I102167,C283282,Female,52,Toys,4,143.36,Credit Card,2021-06-10 00:00:00,Cevahir AVM,573.44,46-55
I102171,C170678,Female,53,Food & Beverage,4,20.92,Debit Card,2022-01-15 00:00:00,Cevahir AVM,83.68,46-55
I102173,C222171,Female,38,Clothing,3,900.24,Debit Card,2021-03-22 00:00:00,Emaar Square Mall,2700.72,36-45
I102175,C287261,Female,65,Clothing,2,600.16,Cash,2021-09-02 00:00:00,Metrocity,1200.32,56+
I102178,C123925,Female,54,Toys,2,71.68,Debit Card,2021-11-17 00:00:00,Istinye Park,143.36,46-55
I102182,C153009,Male,36,Souvenir,4,46.92,Credit Card,2021-01-05 00:00:00,Metropol AVM,187.68,36-45
I102184,C868347,Female,22,Souvenir,5,58.65,Cash,2022-04-21 00:00:00,Istinye Park,293.25,18-25
I102188,C306087,Female,24,Cosmetics,3,121.98,Credit Card,2023-02-11 00:00:00,Metrocity,365.94,18-25
I102189,C135789,Male,59,Toys,1,35.84,Cash,2022-09-14 00:00:00,Mall of Istanbul,35.84,56+
I102191,C211798,Male,31,Shoes,4,2400.68,Cash,2022-10-17 00:00:00,Kanyon,9602.72,26-35
I102193,C327121,Female,38,Cosmetics,4,162.64,Credit Card,2022-01-08 00:00:00,Metropol AVM,650.56,36-45
I102194,C328882,Female,63,Toys,4,143.36,Debit Card,2021-10-27 00:00:00,Mall of Istanbul,573.44,56+
I102195,C242866,Female,28,Clothing,1,300.08,Credit Card,2021-02-21 00:00:00,Kanyon,300.08,26-35
I102199,C219898,Male,46,Food & Beverage,1,5.23,Credit Card,2021-12-01 00:00:00,Kanyon,5.23,46-55
I102200,C242359,Female,19,Clothing,2,600.16,Credit Card,2021-01-25 00:00:00,Metropol AVM,1200.32,18-25
I102201,C140670,Female,21,Books,1,15.15,Debit Card,2023-01-04 00:00:00,Mall of Istanbul,15.15,18-25
I102202,C174973,Female,60,Technology,4,4200,Credit Card,2022-07-03 00:00:00,Metropol AVM,16800,56+
I102205,C688295,Male,23,Food & Beverage,2,10.46,Credit Card,2022-07-10 00:00:00,Kanyon,20.92,18-25
I102218,C335848,Female,57,Cosmetics,1,40.66,Credit Card,2022-08-23 00:00:00,Metrocity,40.66,56+
I102221,C301581,Female,29,Clothing,4,1200.32,Cash,2022-11-07 00:00:00,Kanyon,4801.28,26-35
I102222,C171465,Female,65,Clothing,5,1500.4,Debit Card,2021-09-27 00:00:00,Kanyon,7502,56+
I102223,C339595,Female,29,Clothing,3,900.24,Cash,2022-01-31 00:00:00,Mall of Istanbul,2700.72,26-35
I102224,C156712,Male,24,Cosmetics,3,121.98,Credit Card,2022-01-28 00:00:00,Emaar Square Mall,365.94,18-25
I102225,C890104,Female,43,Food & Beverage,4,20.92,Credit Card,2022-01-12 00:00:00,Metrocity,83.68,36-45
I102229,C194316,Male,58,Food & Beverage,4,20.92,Credit Card,2021-04-01 00:00:00,Kanyon,83.68,56+
I102232,C282538,Female,40,Toys,2,71.68,Credit Card,2022-12-03 00:00:00,Mall of Istanbul,143.36,36-45
I102233,C284826,Female,47,Shoes,5,3000.85,Credit Card,2021-04-25 00:00:00,Forum Istanbul,15004.25,46-55
I102234,C237184,Male,48,Clothing,2,600.16,Cash,2021-09-26 00:00:00,Metropol AVM,1200.32,46-55
I102237,C106693,Female,64,Cosmetics,2,81.32,Credit Card,2022-07-29 00:00:00,Mall of Istanbul,162.64,56+
I102240,C281387,Male,29,Clothing,4,1200.32,Credit Card,2021-06-22 00:00:00,Kanyon,4801.28,26-35
I102241,C218554,Male,40,Cosmetics,3,121.98,Debit Card,2021-09-16 00:00:00,Metropol AVM,365.94,36-45
I102244,C210214,Male,18,Clothing,5,1500.4,Credit Card,2022-08-08 00:00:00,Viaport Outlet,7502,<18
I102250,C282314,Female,59,Technology,1,1050,Cash,2021-03-24 00:00:00,Mall of Istanbul,1050,56+
I102254,C830416,Male,65,Shoes,1,600.17,Credit Card,2022-02-05 00:00:00,Kanyon,600.17,56+
I102256,C263791,Male,44,Books,3,45.45,Cash,2021-12-08 00:00:00,Zorlu Center,136.35,36-45
I102258,C306120,Female,49,Clothing,1,300.08,Credit Card,2021-07-31 00:00:00,Cevahir AVM,300.08,46-55
I102260,C203685,Male,36,Books,2,30.3,Cash,2021-11-11 00:00:00,Metropol AVM,60.6,36-45
I102261,C817162,Female,23,Cosmetics,4,162.64,Cash,2022-06-18 00:00:00,Istinye Park,650.56,18-25
I102264,C221936,Female,56,Clothing,2,600.16,Credit Card,2021-01-22 00:00:00,Istinye Park,1200.32,56+
I102268,C298559,Female,47,Shoes,4,2400.68,Cash,2022-01-31 00:00:00,Zorlu Center,9602.72,46-55
I102276,C137086,Female,49,Cosmetics,2,81.32,Debit Card,2022-03-30 00:00:00,Istinye Park,162.64,46-55
I102278,C190867,Male,24,Clothing,2,600.16,Cash,2022-05-31 00:00:00,Kanyon,1200.32,18-25
I102279,C192527,Male,64,Technology,3,3150,Cash,2022-04-06 00:00:00,Metrocity,9450,56+
I102283,C889444,Male,36,Books,2,30.3,Credit Card,2022-04-15 00:00:00,Metrocity,60.6,36-45
I102284,C378236,Female,63,Clothing,5,1500.4,Cash,2022-08-23 00:00:00,Metrocity,7502,56+
I102286,C303985,Female,50,Souvenir,3,35.19,Cash,2022-01-02 00:00:00,Emaar Square Mall,105.57,46-55
I102287,C844764,Male,38,Clothing,1,300.08,Cash,2022-03-16 00:00:00,Metropol AVM,300.08,36-45
I102296,C161661,Male,62,Cosmetics,4,162.64,Cash,2022-09-01 00:00:00,Cevahir AVM,650.56,56+
I102300,C244793,Male,46,Toys,3,107.52,Cash,2021-01-10 00:00:00,Zorlu Center,322.56,46-55
I102303,C165489,Male,30,Food & Beverage,4,20.92,Credit Card,2022-07-13 00:00:00,Mall of Istanbul,83.68,26-35
I102304,C603018,Female,26,Souvenir,3,35.19,Cash,2021-04-04 00:00:00,Viaport Outlet,105.57,26-35
I102306,C270038,Female,68,Toys,2,71.68,Cash,2021-07-02 00:00:00,Istinye Park,143.36,56+
I102311,C689496,Female,43,Shoes,2,1200.34,Debit Card,2022-03-09 00:00:00,Metropol AVM,2400.68,36-45
I102314,C244044,Female,21,Clothing,1,300.08,Credit Card,2021-08-03 00:00:00,Kanyon,300.08,18-25
I102316,C102664,Female,63,Toys,2,71.68,Credit Card,2021-09-26 00:00:00,Emaar Square Mall,143.36,56+
I102320,C240298,Female,66,Cosmetics,5,203.3,Credit Card,2022-03-05 00:00:00,Metrocity,1016.5,56+
I102323,C231102,Female,67,Clothing,5,1500.4,Credit Card,2023-02-21 00:00:00,Istinye Park,7502,56+
I102324,C111343,Female,39,Cosmetics,4,162.64,Credit Card,2021-04-21 00:00:00,Metrocity,650.56,36-45
I102330,C552450,Male,18,Clothing,4,1200.32,Cash,2022-10-17 00:00:00,Mall of Istanbul,4801.28,<18
I102332,C116250,Female,68,Technology,5,5250,Cash,2022-08-05 00:00:00,Istinye Park,26250,56+
I102340,C293553,Male,37,Clothing,4,1200.32,Debit Card,2021-09-20 00:00:00,Istinye Park,4801.28,36-45
I102344,C411285,Female,61,Shoes,3,1800.51,Cash,2022-03-15 00:00:00,Metrocity,5401.53,56+
I102345,C329679,Male,28,Clothing,4,1200.32,Cash,2021-01-29 00:00:00,Kanyon,4801.28,26-35
I102347,C229953,Male,19,Clothing,4,1200.32,Credit Card,2022-08-30 00:00:00,Istinye Park,4801.28,18-25
I102348,C964439,Male,62,Clothing,2,600.16,Credit Card,2023-03-03 00:00:00,Emaar Square Mall,1200.32,56+
I102355,C209984,Male,63,Souvenir,5,58.65,Cash,2022-01-28 00:00:00,Forum Istanbul,293.25,56+
I102361,C831180,Female,25,Clothing,2,600.16,Cash,2022-04-28 00:00:00,Metrocity,1200.32,18-25
I102365,C186468,Male,18,Clothing,1,300.08,Cash,2022-11-20 00:00:00,Metrocity,300.08,<18
I102371,C173386,Male,18,Clothing,1,300.08,Credit Card,2022-09-05 00:00:00,Istinye Park,300.08,<18
I102374,C533960,Female,49,Shoes,3,1800.51,Cash,2022-11-23 00:00:00,Mall of Istanbul,5401.53,46-55
I102375,C305450,Female,56,Souvenir,1,11.73,Cash,2022-01-17 00:00:00,Mall of Istanbul,11.73,56+
I102376,C271700,Female,47,Clothing,2,600.16,Cash,2021-07-24 00:00:00,Viaport Outlet,1200.32,46-55
I102377,C124677,Female,35,Clothing,3,900.24,Credit Card,2022-09-07 00:00:00,Zorlu Center,2700.72,26-35
I102389,C455912,Male,24,Cosmetics,3,121.98,Credit Card,2022-06-12 00:00:00,Mall of Istanbul,365.94,18-25
I102395,C316538,Female,48,Cosmetics,4,162.64,Cash,2021-01-12 00:00:00,Metrocity,650.56,46-55
I102396,C334331,Male,53,Shoes,4,2400.68,Cash,2022-04-08 00:00:00,Metrocity,9602.72,46-55
I102397,C246554,Male,56,Clothing,3,900.24,Credit Card,2021-06-30 00:00:00,Kanyon,2700.72,56+
I102398,C766818,Male,24,Books,5,75.75,Cash,2021-06-28 00:00:00,Istinye Park,378.75,18-25
I102403,C610622,Female,41,Clothing,3,900.24,Cash,2022-11-27 00:00:00,Kanyon,2700.72,36-45
I102404,C142061,Male,38,Clothing,4,1200.32,Credit Card,2021-12-13 00:00:00,Mall of Istanbul,4801.28,36-45
I102405,C296119,Male,23,Technology,4,4200,Credit Card,2022-09-17 00:00:00,Istinye Park,16800,18-25
I102408,C112153,Female,58,Clothing,5,1500.4,Credit Card,2022-07-08 00:00:00,Mall of Istanbul,7502,56+
I102413,C408282,Male,39,Shoes,2,1200.34,Debit Card,2021-01-25 00:00:00,Kanyon,2400.68,36-45
I102415,C279084,Female,47,Shoes,5,3000.85,Cash,2021-07-03 00:00:00,Metrocity,15004.25,46-55
I102416,C318747,Male,45,Cosmetics,4,162.64,Credit Card,2021-05-10 00:00:00,Emaar Square Mall,650.56,36-45
I102417,C381679,Female,44,Food & Beverage,4,20.92,Debit Card,2021-06-16 00:00:00,Metrocity,83.68,36-45
I102427,C309294,Male,41,Souvenir,5,58.65,Debit Card,2022-12-12 00:00:00,Mall of Istanbul,293.25,36-45
I102433,C215256,Female,20,Toys,2,71.68,Debit Card,2021-01-19 00:00:00,Mall of Istanbul,143.36,18-25
I102437,C329779,Female,54,Clothing,2,600.16,Cash,2021-11-17 00:00:00,Kanyon,1200.32,46-55
I102440,C583660,Female,68,Clothing,3,900.24,Credit Card,2022-12-18 00:00:00,Viaport Outlet,2700.72,56+
I102443,C998094,Female,53,Shoes,2,1200.34,Cash,2022-09-25 00:00:00,Metrocity,2400.68,46-55
I102444,C310499,Female,28,Toys,1,35.84,Debit Card,2021-03-23 00:00:00,Metrocity,35.84,26-35
I102451,C127080,Female,18,Cosmetics,4,162.64,Credit Card,2021-01-24 00:00:00,Istinye Park,650.56,<18
I102453,C125666,Male,61,Clothing,5,1500.4,Debit Card,2022-10-02 00:00:00,Emaar Square Mall,7502,56+
I102459,C379128,Female,55,Clothing,4,1200.32,Debit Card,2021-07-25 00:00:00,Forum Istanbul,4801.28,46-55
I102460,C944064,Female,58,Clothing,5,1500.4,Cash,2022-07-30 00:00:00,Mall of Istanbul,7502,56+
I102468,C450900,Female,49,Clothing,3,900.24,Credit Card,2023-01-01 00:00:00,Kanyon,2700.72,46-55
I102470,C240359,Male,60,Shoes,5,3000.85,Credit Card,2022-02-10 00:00:00,Mall of Istanbul,15004.25,56+
I102477,C137641,Male,33,Technology,5,5250,Debit Card,2022-03-27 00:00:00,Mall of Istanbul,26250,26-35
I102480,C264394,Male,28,Souvenir,2,23.46,Cash,2021-02-24 00:00:00,Metropol AVM,46.92,26-35
I102481,C521673,Male,66,Shoes,4,2400.68,Credit Card,2022-04-22 00:00:00,Kanyon,9602.72,56+
I102483,C179176,Female,34,Toys,5,179.2,Cash,2021-04-05 00:00:00,Metrocity,896,26-35
I102486,C142171,Male,35,Clothing,5,1500.4,Cash,2022-11-20 00:00:00,Istinye Park,7502,26-35
I102487,C104393,Male,35,Clothing,1,300.08,Credit Card,2021-02-03 00:00:00,Kanyon,300.08,26-35
I102488,C217895,Male,57,Cosmetics,5,203.3,Cash,2021-05-21 00:00:00,Istinye Park,1016.5,56+
I102489,C180255,Male,56,Food & Beverage,2,10.46,Debit Card,2021-11-25 00:00:00,Kanyon,20.92,56+
I102490,C191187,Female,35,Souvenir,4,46.92,Credit Card,2022-12-18 00:00:00,Mall of Istanbul,187.68,26-35
I102491,C534732,Female,41,Shoes,2,1200.34,Credit Card,2022-09-15 00:00:00,Metropol AVM,2400.68,36-45
I102494,C260867,Male,47,Clothing,4,1200.32,Debit Card,2022-05-25 00:00:00,Kanyon,4801.28,46-55
I102495,C179897,Male,48,Clothing,2,600.16,Cash,2021-09-13 00:00:00,Metrocity,1200.32,46-55
I102497,C299013,Male,63,Clothing,1,300.08,Credit Card,2022-09-17 00:00:00,Mall of Istanbul,300.08,56+
I102500,C973474,Female,28,Clothing,3,900.24,Credit Card,2022-05-16 00:00:00,Mall of Istanbul,2700.72,26-35
I102501,C634728,Male,54,Clothing,3,900.24,Credit Card,2021-09-29 00:00:00,Istinye Park,2700.72,46-55
I102502,C256344,Female,53,Food & Beverage,1,5.23,Debit Card,2021-10-27 00:00:00,Kanyon,5.23,46-55
I102504,C287619,Female,34,Clothing,4,1200.32,Debit Card,2022-10-17 00:00:00,Metrocity,4801.28,26-35
I102509,C164347,Female,22,Technology,5,5250,Debit Card,2022-11-06 00:00:00,Viaport Outlet,26250,18-25
I102512,C199702,Male,61,Shoes,2,1200.34,Credit Card,2021-10-09 00:00:00,Forum Istanbul,2400.68,56+
I102513,C317824,Male,61,Clothing,3,900.24,Credit Card,2022-10-16 00:00:00,Istinye Park,2700.72,56+
I102514,C310453,Female,46,Food & Beverage,5,26.15,Debit Card,2021-01-16 00:00:00,Kanyon,130.75,46-55
I102518,C904918,Female,46,Shoes,1,600.17,Credit Card,2021-06-22 00:00:00,Kanyon,600.17,46-55
I102520,C531894,Female,33,Books,4,60.6,Credit Card,2021-01-22 00:00:00,Emaar Square Mall,242.4,26-35
I102521,C314327,Female,23,Food & Beverage,2,10.46,Credit Card,2021-08-15 00:00:00,Emaar Square Mall,20.92,18-25
I102525,C240268,Male,61,Cosmetics,1,40.66,Cash,2022-01-16 00:00:00,Kanyon,40.66,56+
I102526,C317197,Male,33,Cosmetics,3,121.98,Credit Card,2022-03-01 00:00:00,Cevahir AVM,365.94,26-35
I102528,C279943,Male,45,Toys,3,107.52,Debit Card,2022-06-23 00:00:00,Viaport Outlet,322.56,36-45
I102533,C363843,Female,25,Clothing,3,900.24,Cash,2021-04-04 00:00:00,Emaar Square Mall,2700.72,18-25
I102534,C522955,Female,46,Clothing,4,1200.32,Debit Card,2022-11-30 00:00:00,Metrocity,4801.28,46-55
I102535,C194716,Male,34,Shoes,1,600.17,Cash,2021-02-20 00:00:00,Metropol AVM,600.17,26-35
I102541,C369611,Female,55,Cosmetics,3,121.98,Credit Card,2021-02-27 00:00:00,Metropol AVM,365.94,46-55
I102542,C860947,Female,34,Clothing,2,600.16,Credit Card,2021-04-12 00:00:00,Mall of Istanbul,1200.32,26-35
I102543,C252688,Female,22,Souvenir,2,23.46,Credit Card,2021-03-05 00:00:00,Kanyon,46.92,18-25
I102546,C307847,Female,30,Shoes,2,1200.34,Cash,2021-10-06 00:00:00,Metropol AVM,2400.68,26-35
I102547,C941147,Female,62,Clothing,2,600.16,Debit Card,2021-06-20 00:00:00,Zorlu Center,1200.32,56+
I102553,C153282,Male,45,Toys,4,143.36,Cash,2022-05-12 00:00:00,Metrocity,573.44,36-45
I102556,C315965,Male,26,Clothing,1,300.08,Cash,2023-01-16 00:00:00,Kanyon,300.08,26-35
I102558,C153506,Female,30,Clothing,5,1500.4,Debit Card,2021-09-14 00:00:00,Metropol AVM,7502,26-35
I102559,C839296,Female,31,Books,4,60.6,Cash,2022-02-23 00:00:00,Mall of Istanbul,242.4,26-35
I102561,C220525,Male,63,Clothing,3,900.24,Credit Card,2021-10-27 00:00:00,Metrocity,2700.72,56+
I102562,C272836,Female,48,Toys,5,179.2,Cash,2022-09-16 00:00:00,Mall of Istanbul,896,46-55
I102564,C152318,Female,49,Clothing,5,1500.4,Cash,2021-06-13 00:00:00,Metrocity,7502,46-55
I102567,C441192,Female,21,Clothing,1,300.08,Credit Card,2023-03-06 00:00:00,Kanyon,300.08,18-25
I102569,C162413,Male,43,Cosmetics,4,162.64,Credit Card,2022-11-24 00:00:00,Zorlu Center,650.56,36-45
I102573,C602990,Female,62,Shoes,2,1200.34,Cash,2022-08-23 00:00:00,Mall of Istanbul,2400.68,56+
I102578,C207183,Female,36,Clothing,3,900.24,Cash,2021-02-22 00:00:00,Metrocity,2700.72,36-45
I102587,C255931,Female,32,Food & Beverage,2,10.46,Cash,2023-01-02 00:00:00,Kanyon,20.92,26-35
I102589,C770363,Male,44,Clothing,3,900.24,Debit Card,2022-10-27 00:00:00,Cevahir AVM,2700.72,36-45
I102595,C256607,Female,48,Food & Beverage,2,10.46,Cash,2021-08-09 00:00:00,Metrocity,20.92,46-55
I102600,C425591,Male,48,Clothing,1,300.08,Credit Card,2022-05-13 00:00:00,Mall of Istanbul,300.08,46-55
I102604,C286659,Male,26,Shoes,3,1800.51,Cash,2021-07-03 00:00:00,Mall of Istanbul,5401.53,26-35
I102607,C905205,Female,65,Shoes,4,2400.68,Credit Card,2021-03-28 00:00:00,Metropol AVM,9602.72,56+
I102610,C167297,Female,37,Food & Beverage,3,15.69,Credit Card,2022-03-24 00:00:00,Istinye Park,47.07,36-45
I102612,C210929,Female,66,Clothing,2,600.16,Credit Card,2022-09-29 00:00:00,Mall of Istanbul,1200.32,56+
I102613,C602495,Female,50,Shoes,1,600.17,Cash,2021-05-26 00:00:00,Istinye Park,600.17,46-55
I102619,C279714,Female,23,Clothing,2,600.16,Credit Card,2022-05-12 00:00:00,Metrocity,1200.32,18-25
I102623,C191191,Male,58,Cosmetics,4,162.64,Credit Card,2022-08-27 00:00:00,Zorlu Center,650.56,56+
I102625,C305261,Male,26,Shoes,2,1200.34,Cash,2021-05-28 00:00:00,Zorlu Center,2400.68,26-35
I102628,C800190,Male,31,Clothing,1,300.08,Credit Card,2022-12-01 00:00:00,Cevahir AVM,300.08,26-35
I102629,C103453,Male,46,Clothing,5,1500.4,Credit Card,2021-03-28 00:00:00,Mall of Istanbul,7502,46-55
I102632,C247827,Male,55,Clothing,1,300.08,Credit Card,2023-03-02 00:00:00,Kanyon,300.08,46-55
I102634,C205293,Male,20,Clothing,3,900.24,Credit Card,2023-02-18 00:00:00,Forum Istanbul,2700.72,18-25
I102635,C162707,Female,50,Clothing,4,1200.32,Cash,2021-01-13 00:00:00,Emaar Square Mall,4801.28,46-55
I102636,C988123,Male,67,Cosmetics,3,121.98,Cash,2021-01-02 00:00:00,Kanyon,365.94,56+
I102641,C148509,Male,52,Cosmetics,4,162.64,Credit Card,2022-06-23 00:00:00,Mall of Istanbul,650.56,46-55
I102642,C626080,Male,43,Shoes,2,1200.34,Credit Card,2023-02-01 00:00:00,Viaport Outlet,2400.68,36-45
I102645,C156538,Male,46,Books,1,15.15,Credit Card,2021-10-14 00:00:00,Kanyon,15.15,46-55
I102647,C208778,Female,35,Cosmetics,5,203.3,Cash,2021-11-21 00:00:00,Zorlu Center,1016.5,26-35
I102652,C134226,Female,67,Clothing,1,300.08,Cash,2021-08-15 00:00:00,Metropol AVM,300.08,56+
I102653,C144135,Female,33,Clothing,1,300.08,Cash,2021-10-20 00:00:00,Kanyon,300.08,26-35
I102656,C317978,Male,43,Books,5,75.75,Credit Card,2021-07-20 00:00:00,Metrocity,378.75,36-45
I102666,C114925,Male,66,Shoes,5,3000.85,Cash,2022-01-03 00:00:00,Mall of Istanbul,15004.25,56+
I102669,C172671,Male,40,Clothing,1,300.08,Credit Card,2021-11-12 00:00:00,Kanyon,300.08,36-45
I102675,C936544,Female,45,Food & Beverage,2,10.46,Cash,2021-12-27 00:00:00,Istinye Park,20.92,36-45
I102677,C149751,Male,20,Shoes,3,1800.51,Credit Card,2022-04-05 00:00:00,Emaar Square Mall,5401.53,18-25
I102681,C298900,Female,19,Clothing,1,300.08,Credit Card,2022-09-24 00:00:00,Metrocity,300.08,18-25
I102686,C128656,Female,41,Clothing,3,900.24,Credit Card,2022-11-27 00:00:00,Kanyon,2700.72,36-45
I102690,C177682,Male,59,Cosmetics,3,121.98,Debit Card,2022-11-07 00:00:00,Mall of Istanbul,365.94,56+
I102691,C253781,Female,35,Souvenir,3,35.19,Credit Card,2021-10-06 00:00:00,Metropol AVM,105.57,26-35
I102692,C340001,Female,65,Food & Beverage,2,10.46,Cash,2021-04-25 00:00:00,Mall of Istanbul,20.92,56+
I102694,C782676,Female,65,Shoes,5,3000.85,Cash,2021-07-19 00:00:00,Mall of Istanbul,15004.25,56+
I102697,C232551,Male,54,Clothing,2,600.16,Debit Card,2022-06-08 00:00:00,Metrocity,1200.32,46-55
I102700,C378568,Female,57,Clothing,4,1200.32,Cash,2021-01-25 00:00:00,Mall of Istanbul,4801.28,56+
I102703,C110600,Female,40,Technology,5,5250,Credit Card,2022-10-11 00:00:00,Mall of Istanbul,26250,36-45
I102713,C259637,Female,27,Shoes,1,600.17,Cash,2022-05-26 00:00:00,Metrocity,600.17,26-35
I102714,C182058,Female,63,Clothing,3,900.24,Debit Card,2021-03-04 00:00:00,Mall of Istanbul,2700.72,56+
I102715,C837237,Male,41,Clothing,3,900.24,Debit Card,2022-10-20 00:00:00,Istinye Park,2700.72,36-45
I102716,C231411,Female,27,Toys,3,107.52,Credit Card,2022-11-15 00:00:00,Metrocity,322.56,26-35
I102719,C480086,Female,45,Technology,1,1050,Cash,2021-04-24 00:00:00,Mall of Istanbul,1050,36-45
I102721,C102359,Male,57,Toys,3,107.52,Credit Card,2022-07-09 00:00:00,Metrocity,322.56,56+
I102725,C385326,Female,54,Toys,5,179.2,Cash,2022-09-16 00:00:00,Metrocity,896,46-55
I102726,C444281,Female,66,Clothing,2,600.16,Credit Card,2023-01-08 00:00:00,Cevahir AVM,1200.32,56+
I102729,C216936,Female,44,Clothing,1,300.08,Credit Card,2021-01-03 00:00:00,Metrocity,300.08,36-45
I102730,C181990,Male,57,Technology,4,4200,Cash,2022-07-11 00:00:00,Mall of Istanbul,16800,56+
I102732,C719232,Male,50,Clothing,5,1500.4,Cash,2021-09-24 00:00:00,Zorlu Center,7502,46-55
I102734,C134006,Female,48,Clothing,5,1500.4,Debit Card,2021-06-08 00:00:00,Metrocity,7502,46-55
I102735,C662013,Female,55,Shoes,4,2400.68,Debit Card,2023-02-22 00:00:00,Zorlu Center,9602.72,46-55
I102737,C112982,Female,68,Technology,3,3150,Cash,2022-08-09 00:00:00,Mall of Istanbul,9450,56+
I102751,C224224,Female,67,Technology,2,2100,Credit Card,2022-09-28 00:00:00,Metrocity,4200,56+
I102754,C760072,Female,58,Shoes,2,1200.34,Cash,2021-09-13 00:00:00,Emaar Square Mall,2400.68,56+
I102758,C778349,Female,35,Food & Beverage,1,5.23,Cash,2022-12-01 00:00:00,Metropol AVM,5.23,26-35
I102759,C174415,Female,28,Clothing,2,600.16,Credit Card,2022-03-26 00:00:00,Mall of Istanbul,1200.32,26-35
I102760,C158547,Female,64,Food & Beverage,1,5.23,Credit Card,2021-09-02 00:00:00,Viaport Outlet,5.23,56+
I102761,C333330,Female,23,Cosmetics,1,40.66,Cash,2021-03-19 00:00:00,Mall of Istanbul,40.66,18-25
I102764,C102832,Female,41,Clothing,3,900.24,Credit Card,2022-08-19 00:00:00,Metropol AVM,2700.72,36-45
I102766,C200431,Male,40,Books,2,30.3,Debit Card,2021-01-07 00:00:00,Emaar Square Mall,60.6,36-45
I102767,C203666,Female,20,Cosmetics,5,203.3,Credit Card,2022-01-07 00:00:00,Viaport Outlet,1016.5,18-25
I102773,C287506,Female,35,Cosmetics,1,40.66,Credit Card,2023-01-05 00:00:00,Kanyon,40.66,26-35
I102776,C214209,Female,22,Clothing,4,1200.32,Cash,2021-11-06 00:00:00,Metrocity,4801.28,18-25
I102782,C105352,Female,51,Souvenir,5,58.65,Cash,2021-11-01 00:00:00,Mall of Istanbul,293.25,46-55
I102783,C816576,Female,56,Food & Beverage,1,5.23,Cash,2023-02-05 00:00:00,Istinye Park,5.23,56+
I102786,C969271,Female,35,Clothing,2,600.16,Cash,2022-06-29 00:00:00,Emaar Square Mall,1200.32,26-35
I102790,C193288,Female,21,Clothing,5,1500.4,Debit Card,2022-07-20 00:00:00,Cevahir AVM,7502,18-25
I102792,C766287,Male,35,Souvenir,1,11.73,Credit Card,2022-07-17 00:00:00,Kanyon,11.73,26-35
I102797,C129206,Male,52,Cosmetics,2,81.32,Credit Card,2023-01-12 00:00:00,Mall of Istanbul,162.64,46-55
I102799,C704920,Male,33,Shoes,5,3000.85,Debit Card,2021-04-20 00:00:00,Viaport Outlet,15004.25,26-35
I102800,C211156,Female,40,Shoes,1,600.17,Credit Card,2022-01-02 00:00:00,Viaport Outlet,600.17,36-45
I102801,C288748,Female,69,Clothing,1,300.08,Credit Card,2022-05-01 00:00:00,Metrocity,300.08,56+
I102802,C107887,Female,22,Souvenir,3,35.19,Debit Card,2021-07-24 00:00:00,Zorlu Center,105.57,18-25
I102818,C156505,Male,57,Toys,1,35.84,Credit Card,2021-01-12 00:00:00,Emaar Square Mall,35.84,56+
I102819,C309720,Male,53,Food & Beverage,2,10.46,Cash,2022-10-26 00:00:00,Zorlu Center,20.92,46-55
I102824,C194938,Male,27,Clothing,5,1500.4,Debit Card,2022-11-12 00:00:00,Istinye Park,7502,26-35
I102825,C150885,Female,65,Clothing,4,1200.32,Cash,2022-09-01 00:00:00,Metrocity,4801.28,56+
I102832,C146777,Female,40,Shoes,2,1200.34,Cash,2022-06-20 00:00:00,Istinye Park,2400.68,36-45
I102836,C279148,Male,64,Books,3,45.45,Debit Card,2022-03-07 00:00:00,Mall of Istanbul,136.35,56+
I102837,C320088,Female,21,Clothing,3,900.24,Cash,2021-11-27 00:00:00,Kanyon,2700.72,18-25
I102840,C161257,Female,39,Toys,4,143.36,Debit Card,2021-05-27 00:00:00,Metropol AVM,573.44,36-45
I102843,C235737,Female,48,Food & Beverage,5,26.15,Cash,2021-11-01 00:00:00,Metrocity,130.75,46-55
I102845,C175442,Female,41,Souvenir,4,46.92,Cash,2023-03-05 00:00:00,Metrocity,187.68,36-45
I102847,C123536,Male,51,Souvenir,3,35.19,Debit Card,2022-03-09 00:00:00,Kanyon,105.57,46-55
I102848,C252901,Female,59,Shoes,1,600.17,Debit Card,2021-01-13 00:00:00,Kanyon,600.17,56+
I102849,C251633,Female,69,Clothing,4,1200.32,Credit Card,2021-03-04 00:00:00,Mall of Istanbul,4801.28,56+
I102855,C159521,Female,19,Clothing,2,600.16,Cash,2022-10-15 00:00:00,Istinye Park,1200.32,18-25
I102873,C994454,Female,25,Toys,4,143.36,Credit Card,2022-08-24 00:00:00,Mall of Istanbul,573.44,18-25
I102876,C283599,Female,18,Cosmetics,3,121.98,Credit Card,2023-02-27 00:00:00,Mall of Istanbul,365.94,<18
I102877,C505213,Female,29,Toys,4,143.36,Cash,2022-11-25 00:00:00,Metropol AVM,573.44,26-35
I102879,C380202,Female,26,Food & Beverage,4,20.92,Debit Card,2022-09-03 00:00:00,Cevahir AVM,83.68,26-35
I102881,C482255,Female,50,Clothing,2,600.16,Cash,2021-09-21 00:00:00,Mall of Istanbul,1200.32,46-55
I102883,C114509,Female,22,Food & Beverage,5,26.15,Cash,2021-10-08 00:00:00,Kanyon,130.75,18-25
I102884,C121907,Female,45,Toys,5,179.2,Credit Card,2021-03-22 00:00:00,Metrocity,896,36-45
I102885,C216254,Male,42,Food & Beverage,5,26.15,Cash,2022-08-22 00:00:00,Kanyon,130.75,36-45
I102886,C896170,Female,60,Clothing,1,300.08,Credit Card,2022-07-07 00:00:00,Forum Istanbul,300.08,56+
I102893,C264654,Male,66,Cosmetics,5,203.3,Credit Card,2022-08-03 00:00:00,Kanyon,1016.5,56+
I102902,C603291,Male,58,Toys,1,35.84,Cash,2022-11-28 00:00:00,Viaport Outlet,35.84,56+
I102905,C318145,Female,42,Food & Beverage,5,26.15,Credit Card,2021-11-07 00:00:00,Kanyon,130.75,36-45
I102906,C219499,Female,20,Toys,3,107.52,Cash,2021-10-16 00:00:00,Kanyon,322.56,18-25
I102917,C262929,Male,59,Clothing,3,900.24,Debit Card,2021-04-02 00:00:00,Metrocity,2700.72,56+
I102923,C148421,Male,63,Toys,4,143.36,Debit Card,2022-09-21 00:00:00,Metropol AVM,573.44,56+
I102925,C217020,Female,27,Cosmetics,5,203.3,Credit Card,2023-01-13 00:00:00,Metrocity,1016.5,26-35
I102926,C319883,Female,60,Food & Beverage,1,5.23,Cash,2022-08-06 00:00:00,Cevahir AVM,5.23,56+
I102928,C211300,Male,60,Cosmetics,1,40.66,Credit Card,2021-03-04 00:00:00,Mall of Istanbul,40.66,56+
I102931,C318182,Male,26,Shoes,5,3000.85,Debit Card,2022-05-18 00:00:00,Mall of Istanbul,15004.25,26-35
I102935,C184509,Female,59,Cosmetics,1,40.66,Cash,2021-06-16 00:00:00,Mall of Istanbul,40.66,56+
I102939,C100110,Female,28,Clothing,5,1500.4,Credit Card,2022-05-01 00:00:00,Metrocity,7502,26-35
I102941,C189039,Female,45,Cosmetics,2,81.32,Cash,2022-05-14 00:00:00,Metrocity,162.64,36-45
I102944,C105025,Male,33,Cosmetics,2,81.32,Cash,2021-12-03 00:00:00,Forum Istanbul,162.64,26-35
I102945,C287896,Female,34,Clothing,1,300.08,Cash,2022-06-25 00:00:00,Metrocity,300.08,26-35
I102946,C182144,Female,62,Clothing,3,900.24,Cash,2022-11-30 00:00:00,Viaport Outlet,2700.72,56+
I102954,C155342,Male,30,Food & Beverage,4,20.92,Cash,2021-02-06 00:00:00,Mall of Istanbul,83.68,26-35
I102958,C332958,Female,54,Clothing,3,900.24,Credit Card,2022-11-02 00:00:00,Istinye Park,2700.72,46-55
I102960,C131004,Female,34,Technology,3,3150,Credit Card,2021-01-25 00:00:00,Mall of Istanbul,9450,26-35
I102964,C321846,Female,69,Shoes,2,1200.34,Cash,2021-04-23 00:00:00,Viaport Outlet,2400.68,56+
I102969,C166525,Female,62,Cosmetics,2,81.32,Debit Card,2021-04-17 00:00:00,Mall of Istanbul,162.64,56+
I102977,C316330,Female,30,Souvenir,4,46.92,Credit Card,2022-10-30 00:00:00,Metropol AVM,187.68,26-35
I102979,C628682,Female,35,Souvenir,3,35.19,Credit Card,2022-01-23 00:00:00,Mall of Istanbul,105.57,26-35
I102985,C191792,Male,42,Souvenir,2,23.46,Debit Card,2021-06-01 00:00:00,Mall of Istanbul,46.92,36-45
I102989,C273531,Female,67,Shoes,2,1200.34,Cash,2021-03-01 00:00:00,Cevahir AVM,2400.68,56+
I102990,C296573,Male,22,Shoes,5,3000.85,Credit Card,2022-07-20 00:00:00,Kanyon,15004.25,18-25
I102991,C397967,Female,28,Books,3,45.45,Credit Card,2021-10-12 00:00:00,Metrocity,136.35,26-35
I102993,C142692,Female,67,Clothing,2,600.16,Credit Card,2022-11-21 00:00:00,Forum Istanbul,1200.32,56+
I102994,C262644,Female,69,Shoes,3,1800.51,Debit Card,2022-01-11 00:00:00,Mall of Istanbul,5401.53,56+
I102999,C295992,Male,34,Toys,3,107.52,Credit Card,2021-08-17 00:00:00,Metrocity,322.56,26-35
I103002,C245635,Female,62,Food & Beverage,2,10.46,Credit Card,2021-07-03 00:00:00,Viaport Outlet,20.92,56+
I103004,C560575,Male,33,Food & Beverage,1,5.23,Cash,2022-02-04 00:00:00,Metropol AVM,5.23,26-35
I103006,C258085,Male,41,Technology,4,4200,Cash,2022-07-20 00:00:00,Cevahir AVM,16800,36-45
I103010,C260917,Female,51,Shoes,1,600.17,Cash,2021-08-02 00:00:00,Metrocity,600.17,46-55
I103014,C185481,Female,57,Clothing,4,1200.32,Debit Card,2022-07-03 00:00:00,Istinye Park,4801.28,56+
I103016,C633152,Female,60,Clothing,4,1200.32,Credit Card,2021-07-12 00:00:00,Forum Istanbul,4801.28,56+
I103019,C335724,Male,60,Shoes,2,1200.34,Cash,2022-10-14 00:00:00,Forum Istanbul,2400.68,56+
I103020,C327792,Female,27,Books,4,60.6,Cash,2021-06-17 00:00:00,Mall of Istanbul,242.4,26-35
I103021,C325728,Male,36,Books,1,15.15,Debit Card,2023-02-25 00:00:00,Mall of Istanbul,15.15,36-45
I103026,C142823,Female,64,Shoes,1,600.17,Cash,2021-10-21 00:00:00,Viaport Outlet,600.17,56+
I103028,C243168,Female,22,Toys,4,143.36,Credit Card,2021-08-24 00:00:00,Zorlu Center,573.44,18-25
I103029,C213516,Female,18,Toys,5,179.2,Cash,2021-06-21 00:00:00,Mall of Istanbul,896,<18
I103031,C228178,Female,55,Toys,5,179.2,Cash,2021-09-17 00:00:00,Kanyon,896,46-55
I103032,C317778,Male,65,Clothing,2,600.16,Debit Card,2022-09-06 00:00:00,Kanyon,1200.32,56+
I103033,C960822,Female,38,Technology,2,2100,Debit Card,2021-09-14 00:00:00,Zorlu Center,4200,36-45
I103035,C155712,Male,21,Clothing,5,1500.4,Debit Card,2021-08-29 00:00:00,Metrocity,7502,18-25
I103036,C992589,Female,39,Cosmetics,2,81.32,Cash,2022-08-18 00:00:00,Istinye Park,162.64,36-45
I103044,C367741,Female,48,Clothing,5,1500.4,Cash,2021-06-13 00:00:00,Viaport Outlet,7502,46-55
I103045,C267316,Female,62,Shoes,1,600.17,Cash,2022-08-24 00:00:00,Metrocity,600.17,56+
I103046,C208145,Female,33,Food & Beverage,1,5.23,Credit Card,2021-01-26 00:00:00,Emaar Square Mall,5.23,26-35
I103055,C315737,Male,44,Cosmetics,4,162.64,Credit Card,2022-07-17 00:00:00,Metrocity,650.56,36-45
I103056,C258161,Male,34,Food & Beverage,4,20.92,Credit Card,2022-05-18 00:00:00,Mall of Istanbul,83.68,26-35
I103059,C264391,Female,67,Cosmetics,1,40.66,Debit Card,2022-06-20 00:00:00,Metrocity,40.66,56+
I103061,C603549,Female,41,Clothing,2,600.16,Cash,2021-01-17 00:00:00,Mall of Istanbul,1200.32,36-45
I103062,C232094,Female,53,Food & Beverage,5,26.15,Credit Card,2023-02-11 00:00:00,Kanyon,130.75,46-55
I103064,C274479,Female,36,Toys,2,71.68,Cash,2023-03-04 00:00:00,Metrocity,143.36,36-45
I103065,C205710,Male,31,Books,2,30.3,Credit Card,2021-03-14 00:00:00,Mall of Istanbul,60.6,26-35
I103066,C340003,Male,66,Clothing,1,300.08,Cash,2021-08-11 00:00:00,Mall of Istanbul,300.08,56+
I103067,C210847,Male,22,Toys,3,107.52,Debit Card,2021-11-25 00:00:00,Kanyon,322.56,18-25
I103068,C115494,Male,69,Clothing,2,600.16,Debit Card,2021-03-21 00:00:00,Kanyon,1200.32,56+
I103070,C754112,Male,19,Cosmetics,2,81.32,Cash,2021-12-31 00:00:00,Kanyon,162.64,18-25
I103071,C243412,Male,26,Food & Beverage,5,26.15,Cash,2022-12-09 00:00:00,Mall of Istanbul,130.75,26-35
I103072,C170969,Male,20,Cosmetics,4,162.64,Cash,2022-04-04 00:00:00,Forum Istanbul,650.56,18-25
I103076,C288406,Female,24,Clothing,4,1200.32,Debit Card,2021-09-10 00:00:00,Viaport Outlet,4801.28,18-25
I103081,C119424,Female,68,Food & Beverage,2,10.46,Cash,2022-07-27 00:00:00,Mall of Istanbul,20.92,56+
I103082,C286580,Female,33,Books,3,45.45,Credit Card,2022-10-12 00:00:00,Metrocity,136.35,26-35
I103083,C936888,Female,48,Cosmetics,4,162.64,Cash,2022-02-15 00:00:00,Istinye Park,650.56,46-55
I103085,C252697,Female,27,Clothing,2,600.16,Credit Card,2022-08-27 00:00:00,Kanyon,1200.32,26-35
I103086,C285452,Female,52,Cosmetics,4,162.64,Cash,2022-08-17 00:00:00,Metrocity,650.56,46-55
